ID,GRUPO_PRODUCTO,CON_LINEA_CREDITO,INGRESO_NETO,INGRESO_ITEM_1,INGRESO_ITEM_2,MESES_ANTIGUEDAD
130,4,SI,39,,,
133,4,SI,8,,,
238,2,SI,168,,,
251,2,SI,115,,,
273,4,SI,32,,,
317,2,SI,70,,,
331,4,SI,48,,,
372,3,SI,0,,,
404,2,NO,209,,,
467,2,SI,146,,,
492,3,SI,3,,,
538,4,SI,12,,,
603,4,NO,83,,,
634,2,SI,300,,,
656,4,SI,0,,,
737,3,SI,0,0,0,2
803,2,SI,154,,,
805,4,SI,39,,,
815,4,SI,35,,,
891,4,SI,30,,,
945,4,SI,12,,,
1031,2,SI,91,,,
1169,4,SI,13,,,
1188,4,SI,5,,,
1212,4,SI,1,,,
1741,2,SI,190,,,
1939,2,NO,200,,,
2245,4,NO,144,,,
2662,4,SI,9,,,
2827,2,SI,192,,,
3049,4,SI,12,,,
3095,2,SI,74,,,
3229,3,SI,22,,,
3244,4,SI,3,,,
3454,4,SI,0,,,
3519,2,NO,237,,,
3618,2,SI,153,,,
3648,4,SI,7,,,
3720,4,NO,104,,,
3816,4,SI,4,,,
3924,4,SI,0,,,
3948,4,SI,14,,,
4010,4,SI,16,,,
4060,4,SI,45,,,
4133,2,SI,75,,,
4150,4,SI,24,,,
4326,4,NO,40,,,
4461,2,SI,105,,,
4508,4,SI,0,,,
4638,3,SI,0,0,0,2
4638,2,SI,127,,,
4813,2,SI,76,,,
4956,4,SI,6,,,
4995,4,SI,0,,,
5042,4,SI,0,0,0,52
5051,3,SI,0,0,0,3
5133,2,SI,138,,,
5158,4,SI,10,,,
5183,2,SI,251,,,
5315,2,SI,192,,,
5411,2,SI,76,,,
5643,4,SI,37,,,
5725,3,SI,27,,,
5945,4,SI,2,,,
5955,2,SI,91,,,
5989,4,NO,151,,,
6080,4,SI,0,0,0,95
6148,1,SI,140,,,
6264,4,NO,178,,,
6314,4,SI,13,,,
6330,2,SI,121,,,
6378,4,NO,132,,,
6515,2,SI,217,,,
6657,2,SI,113,,,
6749,4,SI,19,,,
6754,2,SI,90,,,
6830,4,NO,52,,,
7079,2,SI,387,,,
7161,4,NO,184,,,
7195,2,SI,55,,,
7198,1,SI,98,,,
7318,1,SI,65,,,
7319,4,SI,34,,,
7407,2,SI,222,,,
7497,2,SI,104,,,
7880,4,SI,0,,,
7943,4,SI,0,0,0,13
8119,3,SI,24,,,
8149,2,SI,187,,,
8208,3,SI,23,,,
8317,1,SI,110,,,
8337,4,SI,8,,,
8377,4,SI,42,,,
8599,2,NO,523,,,
8699,4,NO,122,,,
8794,4,SI,37,,,
8932,4,SI,19,,,
8951,4,SI,0,,,
9020,2,SI,125,,,
9175,2,SI,107,,,
9404,2,SI,69,,,
9419,4,SI,49,,,
9436,4,SI,23,,,
9458,4,SI,5,,,
9641,2,SI,134,,,
9681,2,SI,157,,,
9732,2,SI,87,,,
9833,2,SI,56,,,
9946,2,SI,63,,,
10049,4,SI,3,,,
10125,2,SI,99,,,
10349,4,SI,22,,,
10575,3,SI,10,,,
10576,3,SI,0,0,0,2
10598,4,SI,0,0,0,168
10650,4,SI,36,,,
10762,2,SI,109,,,
10806,2,SI,386,,,
10807,2,NO,193,,,
11417,2,SI,80,,,
11419,4,SI,3,,,
11481,3,SI,5,,,
11575,2,NO,191,,,
11597,2,SI,144,,,
11651,2,NO,414,,,
11860,2,SI,107,,,
12029,2,SI,97,,,
12033,4,SI,2,,,
12057,2,SI,191,,,
12158,4,SI,38,,,
12200,2,SI,160,,,
12278,4,SI,0,,,
12357,4,SI,28,,,
12492,4,SI,8,,,
12566,1,SI,131,,,
12567,2,SI,115,,,
12595,4,SI,30,,,
12606,2,SI,106,,,
12608,2,NO,438,,,
12781,2,NO,217,,,
12787,4,SI,8,,,
12844,2,SI,129,,,
13002,3,SI,40,,,
13025,4,SI,0,,,
13065,4,SI,30,,,
13385,4,NO,161,,,
13407,4,SI,41,,,
13447,2,SI,192,,,
13646,4,SI,27,,,
13863,2,SI,246,,,
13946,4,SI,20,,,
14201,4,SI,1,,,
14338,4,NO,148,,,
14387,1,SI,65,,,
14519,4,NO,128,,,
14674,2,SI,204,,,
15010,4,SI,46,,,
15103,2,NO,387,,,
15199,4,NO,82,,,
15228,4,SI,27,,,
15260,4,SI,40,,,
15316,2,SI,61,,,
15324,4,SI,17,,,
15400,4,SI,34,,,
15506,4,SI,0,0,0,13
15631,4,NO,168,,,
15639,4,SI,0,0,0,162
15717,4,NO,131,,,
15761,3,SI,0,0,0,1
15832,4,SI,20,,,
15923,4,SI,43,,,
16017,2,SI,133,,,
16225,2,SI,50,,,
16263,4,SI,30,,,
16281,2,SI,70,,,
16519,2,NO,277,,,
16567,4,SI,17,,,
16754,3,SI,0,0,0,1
16825,3,SI,0,0,0,2
16877,2,SI,239,,,
16919,4,SI,47,,,
17485,4,SI,0,0,0,90
17666,4,SI,0,0,0,82
17841,2,SI,109,,,
17861,4,NO,82,,,
18003,2,SI,197,,,
18172,2,SI,52,,,
18210,4,SI,12,,,
18230,2,SI,169,,,
18314,2,SI,103,,,
18333,4,SI,46,,,
18375,2,SI,63,,,
18439,2,SI,66,,,
18546,2,NO,212,,,
18631,2,SI,59,,,
18726,4,SI,12,,,
18743,4,SI,28,,,
18847,2,SI,96,,,
19093,4,SI,48,,,
19227,4,SI,2,,,
19362,4,SI,17,,,
19435,4,SI,18,,,
19583,4,NO,188,,,
19803,4,SI,13,,,
20005,4,SI,10,,,
20136,2,NO,220,,,
20222,2,SI,239,,,
20229,4,SI,2,,,
20335,2,SI,136,,,
20391,3,SI,24,,,
20403,4,SI,0,,,
20442,3,SI,7,,,
21042,4,NO,109,,,
21150,4,NO,165,,,
21151,4,SI,6,,,
21176,4,SI,47,,,
21205,2,SI,174,,,
21216,2,SI,54,,,
21255,4,SI,4,,,
21263,2,SI,89,,,
21390,4,SI,2,,,
21427,4,SI,8,,,
21526,2,SI,85,,,
21576,2,SI,97,,,
21630,2,SI,95,,,
21749,4,NO,162,,,
21800,2,NO,275,,,
22211,2,SI,159,,,
22325,4,SI,0,0,0,92
22353,4,SI,6,,,
22418,2,SI,100,,,
22450,2,SI,56,,,
22601,2,SI,143,,,
22624,4,NO,111,,,
22999,4,NO,114,,,
23048,4,SI,8,,,
23075,4,SI,49,,,
23100,2,SI,69,,,
23103,4,NO,173,,,
23190,4,NO,31,,,
23398,2,SI,146,,,
23479,4,SI,5,,,
23575,2,SI,55,,,
23691,4,SI,27,,,
23771,4,SI,28,,,
23960,4,NO,90,,,
24017,4,SI,48,,,
24298,4,NO,111,,,
24349,4,SI,39,,,
24453,4,SI,30,,,
24463,2,SI,88,,,
24586,4,NO,173,,,
24664,4,NO,125,,,
24690,4,SI,5,,,
24891,4,SI,48,,,
24922,4,NO,153,,,
24953,4,NO,157,,,
25029,1,NO,194,,,
25049,4,NO,181,,,
25058,2,SI,66,,,
25308,4,SI,8,,,
25369,4,NO,0,,,
25429,4,SI,46,,,
25478,4,SI,29,,,
25499,4,SI,37,,,
25516,4,SI,23,,,
25654,2,SI,159,,,
25672,4,SI,8,,,
25737,2,SI,132,,,
25929,4,SI,0,,,
25937,4,SI,6,,,
25995,4,NO,149,,,
26013,4,SI,0,0,4,
26202,1,SI,126,,,
26282,1,SI,66,,,
26344,4,SI,0,0,0,123
26437,2,NO,409,,,
26455,4,SI,26,,,
26466,2,NO,245,,,
26509,4,NO,98,,,
26582,2,SI,64,,,
26647,4,SI,28,,,
26808,4,NO,152,,,
26923,4,NO,31,,,
26947,4,SI,2,,,
27107,1,SI,70,,,
27205,2,NO,412,,,
27293,2,NO,198,,,
27298,2,NO,254,,,
27440,4,SI,41,,,
27458,2,NO,208,,,
27514,4,NO,25,,,
27694,4,SI,0,0,0,16
27696,4,SI,0,0,0,133
27837,2,NO,286,,,
27890,4,SI,6,,,
27927,4,SI,8,,,
28165,2,NO,258,,,
28304,4,SI,48,,,
28369,3,NO,1,0,0,13
28460,4,SI,6,,,
28652,4,SI,0,0,9,
28695,4,NO,165,,,
28710,2,SI,97,,,
28864,3,NO,21,,,
28984,3,SI,16,,,
29089,4,SI,24,,,
29251,2,SI,68,,,
29276,4,NO,137,,,
29506,2,SI,83,,,
29512,2,SI,118,,,
29643,4,NO,175,,,
29909,4,NO,60,0,,
29919,4,SI,12,,,
29943,4,SI,7,,,
30009,2,SI,72,,,
30041,2,SI,56,,,
30166,2,SI,98,,,
30312,2,SI,112,,,
30317,4,SI,3,,,
30318,2,SI,152,,,
30410,4,SI,18,,,
30505,4,NO,56,,,
30657,4,SI,13,,,
30692,2,SI,257,,,
30711,3,SI,1,,,
30821,2,SI,84,,,
30881,4,SI,2,,,
31116,4,NO,51,,,
31255,4,NO,173,,,
31298,4,SI,8,,,
31432,2,SI,190,,,
31612,4,SI,49,,,
31737,4,SI,17,,,
31818,3,SI,44,,,
31843,2,SI,66,,,
31969,2,SI,64,,,
32019,4,SI,10,,,
32084,2,NO,238,,,
32099,4,NO,78,,,
32114,4,SI,7,,,
32319,2,SI,55,,,
32468,2,NO,215,,,
32504,4,SI,0,0,0,107
32774,3,SI,0,0,0,3
32914,4,SI,8,,,
32920,3,SI,0,0,0,1
32961,4,SI,0,0,0,45
33017,4,SI,2,,,
33040,4,NO,57,,,
33107,3,SI,0,0,0,1
33143,2,SI,57,,,
33180,4,NO,171,,,
33276,4,SI,6,0,0,72
33328,4,SI,0,,,
33383,2,SI,104,,,
33429,2,SI,56,,,
33491,3,SI,3,,,
33579,4,SI,41,,,
33741,4,SI,2,,,
33755,3,SI,18,,,
33818,4,NO,184,,,
33847,2,SI,185,,,
33872,2,SI,147,,,
33891,2,SI,206,,,
33892,4,NO,110,,,
34008,2,SI,63,,,
34196,4,SI,3,,,
34214,4,SI,8,,,
34273,2,NO,319,,,
34397,2,SI,153,,,
34448,4,SI,5,,,
34481,4,SI,29,,,
34491,2,NO,282,,,
34611,1,SI,102,,,
34823,2,SI,176,,,
34873,4,SI,7,,,
34873,2,SI,63,,,
34931,4,SI,7,,,
35118,3,NO,150,0,0,9
35282,2,SI,127,,,
35338,2,SI,186,,,
35422,4,SI,0,,,
35635,2,SI,244,,,
35881,4,SI,0,0,0,68
36083,2,SI,105,,,
36176,4,SI,35,,,
36408,4,SI,0,,,
36471,2,SI,56,,,
36563,2,NO,194,,,
36563,2,NO,388,,,
36618,4,SI,12,,,
36688,2,SI,82,,,
36695,2,SI,213,,,
36828,4,SI,25,,,
36837,2,SI,87,,,
36952,4,NO,158,,,
36995,4,SI,0,,,
37046,4,SI,4,,,
37111,2,NO,203,,,
37396,2,SI,115,,,
37430,4,NO,169,,,
37453,4,NO,1,0,0,39
37492,2,SI,84,,,
37517,4,SI,3,,,
37705,4,SI,44,,,
37901,4,SI,16,,,
38124,2,SI,128,,,
38283,4,SI,25,,,
38300,2,NO,222,,,
38333,4,SI,0,0,0,23
38467,4,SI,22,,,
38471,4,SI,11,,,
38482,4,NO,106,,,
38555,2,NO,281,,,
38596,2,SI,105,,,
38609,2,SI,151,,,
38643,2,SI,130,,,
38874,4,SI,10,,,
38950,4,SI,45,,,
38965,4,SI,22,,,
39059,4,SI,11,,,
39088,2,SI,65,,,
39195,2,NO,254,,,
39205,2,SI,642,,,
39274,2,NO,322,,,
39275,2,SI,108,,,
39310,4,SI,49,,,
39352,4,SI,31,,,
39425,4,SI,33,,,
39534,4,SI,36,,,
39582,1,SI,67,,,
39729,4,SI,0,0,0,91
39810,4,NO,148,,,
39814,2,SI,153,,,
39855,2,SI,439,,,
39877,2,SI,82,,,
39980,4,SI,0,,,
40060,4,SI,35,,,
40068,2,SI,133,,,
40150,3,SI,45,,,
40172,2,NO,350,,,
40326,2,SI,50,,,
40421,3,SI,5,,,
40647,4,SI,0,,,
40784,4,SI,0,,,
40883,2,SI,88,,,
40961,3,SI,12,,,
41292,2,SI,116,,,
41322,4,SI,18,,,
41355,2,SI,121,,,
41470,2,SI,113,,,
41615,4,SI,0,0,0,115
41668,3,SI,0,0,0,2
41728,4,SI,12,,,
41810,4,SI,3,,,
41962,2,SI,81,,,
41976,4,NO,10,,,
42034,2,SI,103,,,
42049,4,SI,0,,,
42057,2,SI,135,,,
42146,4,NO,176,,,
42229,2,SI,80,,,
42273,4,NO,62,,,
42276,4,NO,115,,,
42383,4,SI,1,,,
42435,3,SI,0,0,0,4
42524,4,SI,0,0,0,44
42636,2,NO,192,,,
42685,4,SI,38,,,
42707,4,SI,19,,,
42812,4,SI,45,,,
42981,2,SI,260,,,
43037,4,SI,29,,,
43370,2,SI,99,,,
43370,2,SI,138,,,
43402,4,SI,41,,,
43531,4,NO,123,,,
43578,2,SI,257,,,
43966,2,SI,253,,,
44073,2,SI,227,,,
44238,4,SI,49,,,
44302,4,SI,9,,,
44381,2,SI,502,,,
44464,4,SI,11,,,
44502,4,SI,48,,,
44675,2,SI,98,,,
44696,2,SI,134,,,
44818,4,SI,3,,,
44824,2,SI,110,,,
44889,2,SI,66,,,
45089,3,SI,35,,,
45094,4,SI,20,,,
45103,2,SI,232,,,
45109,2,SI,206,,,
45150,4,SI,33,,,
45332,2,SI,180,,,
45401,4,SI,4,,,
45590,2,SI,115,,,
45646,4,SI,28,,,
45959,2,SI,125,,,
45974,4,SI,0,0,0,48
46008,4,SI,25,,,
46122,4,SI,7,,,
46178,4,SI,42,,,
46205,4,NO,172,,,
46299,4,SI,20,,,
46391,4,SI,1,,,
46439,4,NO,30,,,
46465,2,SI,228,,,
46690,2,SI,60,,,
46710,4,SI,0,0,0,86
46739,4,NO,132,,,
46778,3,SI,0,0,0,2
46817,4,NO,124,,,
46873,4,SI,8,,,
46900,4,SI,47,,,
46986,4,SI,37,,,
47027,2,SI,83,,,
47087,2,SI,84,,,
47096,2,SI,98,,,
47256,2,SI,55,,,
47420,1,SI,76,,,
47433,2,SI,220,,,
47726,4,SI,24,,,
47762,2,SI,183,,,
47863,4,NO,187,,,
47938,4,NO,99,,,
48003,4,SI,0,0,0,14
48004,2,SI,109,,,
48169,2,SI,66,,,
48271,3,SI,1,,,
48466,4,SI,19,,,
48545,2,SI,66,,,
48584,1,SI,233,,,
48642,4,SI,46,,,
49082,4,SI,5,,,
49100,4,SI,3,,,
49434,2,SI,97,,,
49531,3,SI,0,0,0,2
49538,2,SI,349,,,
49602,2,SI,52,,,
49653,4,SI,31,,,
49676,4,SI,5,,,
49759,4,SI,42,,,
49759,3,NO,117,,,
49794,2,SI,369,,,
49929,4,NO,159,,,
49981,2,SI,386,,,
50094,4,SI,0,0,0,87
50117,3,SI,0,0,0,2
50249,2,SI,73,,,
50280,4,SI,6,,,
50362,2,SI,154,,,
50404,2,NO,242,,,
50406,4,SI,13,,,
50480,2,SI,72,,,
50928,4,SI,35,,,
50982,2,SI,100,,,
51208,2,NO,258,,,
51224,1,SI,56,,,
51377,4,NO,109,,,
51378,4,NO,100,0,0,106
51392,4,SI,5,,,
51582,2,SI,74,,,
51601,4,SI,15,,,
51806,2,SI,53,,,
51824,2,SI,102,,,
51868,2,SI,146,,,
51961,2,NO,203,,,
52058,4,SI,1,,,
52071,2,NO,190,,,
52075,4,NO,153,,,
52213,2,SI,142,,,
52290,4,SI,16,,,
52362,3,SI,0,0,0,4
52491,2,SI,64,,,
52517,4,SI,33,,,
52770,4,SI,34,,,
52918,4,SI,34,,,
52936,4,SI,31,,,
52999,4,SI,0,,,
53048,2,SI,94,,,
53123,2,NO,193,,,
53139,4,SI,25,,,
53205,4,NO,109,,,
53260,4,SI,5,,,
53332,4,NO,157,,,
53341,4,SI,0,,,
53470,2,SI,57,,,
53581,4,SI,2,,,
53683,4,SI,2,,,
54010,2,SI,229,,,
54016,4,SI,3,,,
54036,2,SI,262,,,
54224,4,NO,171,,,
54262,4,NO,159,,,
54284,2,NO,196,,,
54491,4,NO,44,,,
54653,1,SI,143,,,
54665,2,SI,127,,,
54841,4,SI,45,,,
54847,2,SI,149,,,
54921,2,SI,53,,,
54933,4,NO,154,,,
54993,3,SI,3,,,
55143,4,SI,10,,,
55284,4,SI,33,,,
55377,4,SI,10,,,
55620,4,SI,0,,,
55643,2,SI,80,,,
55656,2,NO,327,,,
55784,2,SI,358,,,
55786,4,NO,111,,,
55901,4,NO,155,,,
55904,1,SI,94,,,
56012,2,SI,175,,,
56018,2,SI,177,,,
56246,2,SI,165,,,
56393,2,SI,60,,,
56473,3,SI,0,0,0,10
56512,4,SI,17,,,
56517,4,SI,1,,,
56564,1,SI,81,,,
56635,2,SI,114,,,
56794,4,SI,16,,,
56804,2,SI,94,,,
56843,2,SI,60,,,
56846,4,NO,173,,,
56859,4,SI,0,,,
56924,4,SI,19,,,
56941,4,SI,7,,,
57248,4,SI,44,,,
57356,4,SI,14,,,
57656,2,NO,361,,,
57847,4,SI,0,,,
58012,2,SI,115,,,
58177,2,SI,202,,,
58301,4,NO,172,,,
58372,4,NO,122,,,
58517,4,SI,17,,,
58632,4,SI,15,,,
58741,2,SI,72,,,
58763,4,SI,0,,,
58847,4,SI,18,,,
58848,1,SI,158,,,
58942,4,SI,35,,,
59157,4,SI,12,,,
59180,4,SI,15,,,
59204,2,SI,75,,,
59210,4,SI,0,0,0,78
59354,2,SI,247,,,
59379,2,SI,59,,,
59484,4,NO,124,,,
59505,2,SI,116,,,
59734,4,SI,43,,,
59809,3,SI,10,,,
59828,2,SI,65,,,
59842,2,SI,111,,,
59883,4,SI,3,,,
59961,4,SI,47,,,
60281,3,SI,36,,,
60400,4,NO,103,,,
60533,4,SI,30,,,
60580,4,SI,39,,,
60647,2,NO,873,,,
60831,4,SI,39,,,
60922,2,SI,50,,,
60948,4,NO,148,,,
61267,2,SI,108,,,
61350,2,SI,77,,,
61520,4,NO,78,,,
61644,3,SI,0,0,0,1
62327,2,SI,198,,,
62334,4,SI,27,,,
62381,2,SI,55,,,
62409,4,SI,30,,,
62474,4,SI,4,,,
62555,1,SI,191,,,
62925,4,SI,43,,,
63062,4,SI,14,,,
63135,4,SI,10,,,
63268,4,SI,10,,,
63810,2,NO,316,,,
63812,2,SI,62,,,
63814,4,SI,6,,,
63965,2,SI,96,,,
64156,4,SI,30,,,
64235,2,SI,122,,,
64330,3,SI,0,0,0,1
64339,2,SI,66,,,
64340,4,SI,2,,,
64363,4,SI,0,,,
64400,4,SI,14,,,
64476,3,SI,42,,,
64488,2,SI,59,,,
64837,2,NO,340,,,
64910,4,NO,184,,,
64965,4,SI,5,,,
65086,2,SI,167,,,
65127,2,SI,73,,,
65308,2,SI,121,,,
65425,2,SI,156,,,
65470,3,SI,24,,,
65479,4,NO,155,,,
65491,3,SI,33,,,
65507,3,SI,0,0,0,2
65662,2,SI,57,,,
65926,4,SI,0,0,0,36
65927,4,SI,1,,,
66001,1,SI,117,,,
66029,2,SI,55,,,
66135,4,SI,19,,,
66175,4,SI,0,0,0,155
66314,4,SI,4,,,
66360,2,NO,287,,,
66498,2,SI,67,,,
66521,4,SI,0,0,0,30
66668,2,SI,114,,,
66757,4,NO,188,,,
66881,4,SI,26,,,
67047,4,SI,0,,,
67167,2,NO,221,,,
67470,2,SI,68,,,
67496,4,SI,0,0,0,168
67561,4,SI,2,,,
67717,4,SI,37,,,
67734,4,NO,125,,,
68028,2,SI,164,,,
68060,4,SI,27,,,
68117,2,NO,203,,,
68183,4,NO,189,,,
68335,4,SI,14,,,
68428,2,SI,327,,,
68436,4,SI,25,,,
68459,2,SI,111,,,
68602,4,SI,5,,,
68680,2,NO,319,,,
68772,4,NO,94,,,
68815,2,SI,98,,,
68933,4,SI,7,,,
68940,2,SI,151,,,
68977,4,NO,163,,,
68994,4,SI,16,,,
69021,4,SI,9,,,
69070,4,SI,33,,,
69133,4,SI,0,,,
69187,4,NO,126,,,
69238,4,SI,6,,,
69303,3,SI,0,0,0,8
69380,2,SI,86,,,
69408,3,SI,46,,,
69432,4,SI,3,,,
69663,2,SI,97,,,
69744,2,SI,68,,,
69759,4,SI,41,,,
69769,2,SI,656,,,
69849,2,SI,93,,,
69871,2,SI,118,,,
69907,4,SI,34,,,
69950,4,SI,10,,,
69984,2,SI,64,,,
70116,4,NO,40,,,
70131,1,SI,194,,,
70387,3,NO,171,,,
70472,4,SI,0,0,0,98
70850,2,SI,54,,,
71012,4,NO,125,,,
71246,4,NO,37,,,
71246,2,SI,287,,,
71382,2,SI,158,,,
71569,3,SI,20,,,
71939,3,SI,31,,,
72000,4,SI,3,,,
72048,4,NO,132,,,
72075,4,SI,19,,,
72199,4,SI,0,,,
72216,2,SI,61,,,
72415,2,SI,61,,,
72467,2,NO,252,,,
72549,2,SI,115,,,
72672,4,SI,12,,,
72699,4,SI,15,,,
72819,2,NO,254,,,
72824,4,NO,120,,,
72875,2,SI,316,,,
72935,3,SI,25,,,
72960,2,SI,53,,,
72987,2,SI,126,,,
73018,4,NO,171,,,
73033,2,SI,163,,,
73270,2,SI,112,,,
73567,4,NO,63,,,
73574,2,SI,67,,,
73622,1,SI,73,,,
73667,2,SI,154,,,
73718,2,NO,277,,,
73807,2,SI,89,,,
73815,4,SI,48,,,
73877,4,SI,10,,,
74067,3,SI,0,0,0,2
74147,2,NO,350,,,
74218,4,SI,17,,,
74241,4,NO,155,,,
74610,2,SI,144,,,
74636,4,SI,14,,,
74774,4,SI,0,0,0,68
74843,4,SI,43,,,
74850,2,SI,135,,,
74889,4,SI,42,,,
75068,2,SI,101,,,
75406,3,SI,0,0,0,5
75441,3,SI,4,,,
75468,2,SI,80,,,
75540,3,SI,33,,,
75593,2,SI,74,,,
75726,3,SI,0,0,0,1
75803,4,NO,1,,,
75845,2,SI,112,,,
75872,2,SI,79,,,
76020,2,SI,213,,,
76077,2,SI,189,,,
76092,2,SI,55,,,
76111,4,SI,25,,,
76244,4,NO,155,,,
76260,2,SI,135,,,
76316,2,NO,231,,,
76361,2,SI,70,,,
76456,4,NO,112,,,
76483,4,SI,0,0,0,66
76484,4,NO,61,,,
76510,2,NO,260,,,
76530,3,SI,0,0,0,1
76617,4,SI,1,,,
76628,4,SI,20,,,
76704,4,SI,1,,,
76830,4,SI,29,,,
76874,4,SI,12,,,
76888,2,NO,225,,,
77052,2,SI,53,,,
77171,3,SI,36,,,
77295,2,SI,658,,,
77302,2,SI,75,,,
77318,2,SI,65,,,
77362,2,SI,275,,,
77410,2,SI,192,,,
77502,2,NO,224,,,
77567,2,NO,191,,,
77639,2,SI,59,,,
78027,2,SI,106,,,
78029,4,SI,47,,,
78508,4,SI,10,,,
78770,2,NO,366,,,
78789,2,SI,92,,,
78807,2,SI,64,,,
79054,4,SI,28,,,
79168,2,SI,55,,,
79293,4,SI,41,,,
79305,4,NO,121,,,
79357,4,SI,0,0,0,64
79611,3,NO,30,30,0,9
79628,1,SI,161,,,
79670,2,SI,130,,,
79739,2,SI,81,,,
79841,4,SI,6,,,
79936,4,SI,49,,,
79966,2,SI,82,,,
80028,2,SI,50,,,
80181,4,NO,97,,,
80227,2,SI,122,,,
80387,2,SI,103,,,
80478,4,NO,107,,,
80607,1,SI,184,,,
80614,2,SI,76,,,
80616,2,NO,484,,,
80679,2,SI,71,,,
80849,4,SI,3,,,
80963,4,SI,21,,,
81089,4,SI,0,0,0,183
81134,3,SI,0,,,
81152,2,SI,201,,,
81174,4,SI,6,,,
81248,2,NO,194,,,
81295,2,SI,169,,,
81308,4,SI,30,,,
81351,2,NO,290,,,
81642,4,SI,1,,,
81667,4,NO,153,,,
81700,4,SI,7,,,
81780,2,SI,80,,,
81818,1,SI,144,,,
81900,2,NO,276,,,
81915,2,NO,400,,,
82021,4,SI,0,0,0,74
82040,2,SI,138,,,
82054,4,NO,162,,,
82062,4,SI,31,,,
82072,3,SI,0,0,0,6
82095,2,SI,107,,,
82121,3,SI,0,0,0,2
82228,2,SI,54,,,
82274,2,SI,169,,,
82303,4,NO,49,,,
82316,4,SI,6,,,
82398,4,SI,0,,,
82450,4,SI,7,,,
82515,4,NO,162,,,
82523,4,SI,37,,,
82648,4,SI,5,,,
82671,2,NO,417,,,
82812,4,SI,0,0,0,38
82948,2,SI,71,,,
83301,4,NO,136,,,
83378,4,NO,128,,,
83500,4,NO,162,,,
83552,3,SI,0,0,0,7
83751,2,NO,310,,,
83819,4,SI,4,,,
84037,2,SI,119,,,
84178,3,SI,4,,,
84237,2,SI,389,,,
84447,2,SI,51,,,
84618,2,SI,51,,,
84646,4,SI,26,,,
84688,4,NO,163,,,
84718,2,SI,101,,,
84838,4,NO,165,,,
84850,4,SI,0,0,0,127
84876,2,NO,334,,,
84895,4,NO,106,,,
84927,4,SI,44,,,
85193,4,NO,111,,,
85207,4,SI,23,,,
85457,4,SI,27,,,
85475,2,SI,130,,,
85478,4,NO,82,,,
85500,4,SI,0,,,
85551,4,NO,100,0,0,101
85573,4,SI,48,,,
85792,4,NO,184,,,
85796,2,NO,298,,,
86110,2,SI,121,,,
86439,4,NO,162,,,
86446,4,NO,181,,,
86477,2,SI,59,,,
86639,4,SI,43,,,
86695,2,SI,55,,,
86748,4,NO,139,,,
86841,2,SI,50,,,
86880,2,SI,51,,,
86979,4,SI,0,,,
87126,2,SI,96,,,
87400,4,SI,30,,,
87405,2,SI,146,,,
87416,2,SI,150,,,
87457,4,NO,127,,,
87509,2,SI,56,,,
87592,4,SI,23,,,
87628,2,SI,108,,,
87864,2,SI,55,,,
87879,4,SI,22,,,
87943,4,SI,0,0,0,181
87951,4,SI,29,,,
88305,2,SI,64,,,
88315,2,NO,348,,,
88342,4,SI,10,,,
88350,2,SI,149,,,
88352,4,SI,5,,,
88450,3,SI,0,0,0,1
88517,4,NO,183,,,
88572,4,SI,10,,,
88655,4,SI,27,,,
88710,3,SI,0,0,0,5
88810,4,SI,36,,,
88876,4,SI,0,0,0,66
88900,4,NO,112,,,
89102,4,NO,183,,,
89262,2,SI,103,,,
89265,4,SI,3,,,
89338,4,SI,7,,,
89354,2,SI,62,,,
89448,4,NO,100,0,0,145
89621,4,SI,17,,,
89623,2,SI,103,,,
89699,2,SI,74,,,
89792,4,SI,0,0,0,13
89805,2,SI,172,,,
89964,4,SI,14,,,
90086,2,SI,70,,,
90118,4,SI,13,,,
90149,2,SI,106,,,
90155,3,SI,35,,,
90246,2,SI,147,,,
90480,2,SI,78,,,
90619,4,SI,15,,,
90628,4,NO,30,,,
90721,4,NO,128,,,
90728,4,NO,2,,,
90778,2,SI,113,,,
90822,4,SI,42,,,
90860,2,SI,69,,,
90872,4,SI,1,,,
90926,4,SI,45,,,
90966,4,SI,16,,,
90986,2,SI,111,,,
90994,4,SI,0,,,
91162,4,SI,0,,,
91269,4,SI,32,,,
91434,2,SI,57,,,
91444,2,SI,180,,,
91462,2,SI,67,,,
91465,2,SI,119,,,
91537,4,SI,0,0,0,84
91586,2,NO,297,,,
91664,4,SI,0,,,
91798,4,SI,47,,,
91814,3,SI,24,,,
91935,2,SI,80,,,
92124,2,NO,573,,,
92309,4,NO,183,,,
92313,4,SI,12,,,
92743,4,NO,166,,,
92822,2,SI,90,,,
92874,4,SI,0,0,1,
92903,2,SI,156,,,
92917,3,SI,6,,,
93151,3,SI,0,,,
93174,2,SI,50,,,
93266,2,NO,217,,,
93393,2,SI,66,,,
93396,2,NO,246,,,
93424,2,SI,125,,,
93448,4,NO,188,,,
93520,2,SI,53,,,
93522,4,SI,18,,,
93572,4,SI,22,,,
93664,2,SI,54,,,
93679,4,SI,39,,,
93715,2,SI,211,,,
93727,3,SI,0,0,0,6
93904,4,SI,10,,,
93929,2,NO,324,,,
94073,4,SI,0,,,
94115,4,SI,31,,,
94123,4,SI,39,,,
94144,2,SI,105,,,
94190,2,SI,162,,,
94224,4,SI,17,,,
94225,1,SI,66,,,
94272,2,SI,196,,,
94281,2,SI,251,,,
94325,2,SI,81,,,
94391,2,SI,129,,,
94401,4,SI,29,,,
94414,4,NO,0,0,0,30
94517,2,SI,81,,,
94593,2,SI,52,,,
94724,4,NO,144,,,
94792,2,SI,241,,,
94868,4,SI,31,,,
94925,2,SI,324,,,
94937,2,NO,437,,,
94965,2,SI,60,,,
95033,4,NO,178,,,
95093,2,SI,266,,,
95214,4,SI,8,,,
95394,1,SI,150,,,
95424,4,SI,49,,,
95737,2,SI,76,,,
95830,4,SI,6,,,
95892,3,NO,85,,,
95903,4,SI,38,,,
95977,3,SI,38,,,
95992,4,NO,127,,,
95998,4,NO,161,,,
96011,4,SI,42,,,
96083,4,SI,26,,,
96104,3,SI,26,,,
96251,4,SI,32,,,
96288,4,SI,31,,,
96296,4,SI,49,,,
96349,4,SI,0,,,
96382,4,SI,32,,,
96555,4,SI,35,,,
96940,3,SI,0,0,0,2
97151,4,SI,0,,,
97176,4,NO,114,,,
97180,4,SI,3,,,
97238,2,SI,110,,,
97279,4,SI,38,,,
97342,4,SI,9,,,
97345,2,SI,61,,,
97412,2,SI,61,,,
97461,2,SI,439,,,
97465,4,SI,1,,,
97729,4,SI,0,0,0,73
97744,2,SI,78,,,
97942,2,SI,53,,,
97969,2,NO,258,,,
98051,2,SI,443,,,
98155,4,SI,13,,,
98201,2,SI,233,,,
98481,4,NO,178,,,
98569,4,SI,17,,,
98622,3,SI,0,0,0,2
98644,4,SI,42,,,
98685,1,SI,182,,,
98754,4,NO,44,,,
98775,2,SI,167,,,
98827,3,SI,0,0,0,2
98841,2,SI,226,,,
98860,4,SI,0,0,0,147
98862,4,SI,0,,,
98991,4,SI,0,0,0,126
99162,4,SI,32,,,
99438,2,SI,115,,,
99515,4,SI,0,0,0,71
99690,4,NO,132,,,
99705,4,SI,12,,,
99760,2,SI,199,,,
100081,4,NO,170,,,
100091,2,SI,89,,,
100202,4,SI,0,,,
100319,4,NO,143,,,
100341,4,SI,33,,,
100398,2,SI,90,,,
100410,4,SI,2,,,
100664,1,SI,79,,,
100710,4,SI,7,,,
100856,2,SI,106,,,
100907,4,SI,0,0,0,21
100939,2,SI,62,,,
100944,4,SI,1,,,
101157,2,SI,115,,,
101178,2,SI,193,,,
101286,4,NO,123,,,
101287,4,SI,43,,,
101403,2,SI,91,,,
101404,2,SI,192,,,
101440,2,SI,60,,,
101485,2,SI,81,,,
101559,4,SI,31,,,
101577,3,SI,0,0,0,7
101625,2,SI,92,,,
101755,2,SI,57,,,
101803,2,SI,65,,,
101869,4,SI,0,0,0,83
101930,4,SI,43,,,
102215,2,SI,83,,,
102224,2,SI,86,,,
102358,1,SI,70,,,
102468,4,SI,32,,,
102533,4,SI,9,,,
102539,4,SI,17,,,
102547,2,SI,60,,,
102555,4,SI,16,,,
102649,2,NO,201,,,
102741,4,SI,42,,,
102774,4,SI,16,,,
102820,4,SI,30,,,
102827,2,SI,225,,,
102906,2,SI,73,,,
103074,2,SI,50,,,
103414,4,SI,21,,,
103708,2,SI,179,,,
103845,4,SI,0,,,
103932,2,SI,73,,,
103975,4,SI,1,,,
104071,3,SI,5,,,
104074,4,NO,121,,,
104082,4,SI,7,,,
104255,2,SI,265,,,
104312,2,SI,56,,,
104338,4,SI,15,,,
104339,3,SI,1,,,
104373,4,SI,28,,,
104423,2,SI,54,,,
104584,2,SI,314,,,
104631,4,SI,0,0,0,116
104661,2,SI,203,,,
104768,4,NO,38,,,
104853,4,SI,0,,,
104863,1,SI,60,,,
104892,4,NO,170,,,
104965,2,SI,105,,,
105112,4,SI,0,,,
105247,2,SI,181,,,
105276,4,SI,0,0,0,188
105422,3,SI,44,,,
105576,4,SI,12,,,
105606,4,SI,0,0,0,10
105606,3,SI,0,0,0,2
105837,2,SI,168,,,
105853,2,SI,141,,,
105999,4,SI,2,,,
106138,4,SI,0,0,0,
106166,2,NO,218,,,
106176,2,NO,300,,,
106339,2,NO,191,,,
106548,4,NO,75,,,
106616,1,SI,126,,,
106746,3,SI,9,,,
106756,2,SI,103,,,
106775,2,SI,63,,,
106929,2,SI,135,,,
106955,4,SI,0,0,0,152
107174,2,NO,262,,,
107190,4,NO,152,,,
107209,4,SI,0,,,
107312,2,SI,91,,,
107334,4,NO,179,,,
107382,2,SI,80,,,
107453,4,NO,152,,,
107502,4,SI,7,,,
107528,4,SI,4,,,
107654,4,SI,4,,,
107800,3,SI,0,0,0,2
107832,4,SI,38,,,
107987,4,SI,1,,,
108110,3,SI,0,0,0,2
108206,4,SI,0,0,2,
108388,2,NO,390,,,
108458,4,SI,0,0,0,79
108536,2,SI,106,,,
108606,2,SI,56,,,
108657,4,SI,3,,,
108660,4,NO,89,,,
108699,4,NO,161,,,
108703,4,SI,20,,,
108708,4,NO,134,,,
108744,4,SI,0,0,0,3
109052,4,SI,0,0,0,40
109067,2,SI,99,,,
109191,2,SI,543,,,
109265,2,NO,269,,,
109489,4,SI,47,,,
109563,4,SI,9,,,
109599,4,SI,0,,,
109609,3,SI,15,,,
109758,2,SI,160,,,
109843,4,SI,44,,,
110020,4,SI,10,,,
110269,4,SI,18,,,
110351,2,NO,234,,,
110526,4,SI,0,0,0,86
110611,2,SI,59,,,
110621,4,SI,34,,,
110621,4,SI,1,,,
111147,2,NO,239,,,
111228,4,SI,25,,,
111413,4,SI,0,,,
111470,2,NO,253,,,
111521,3,SI,0,0,0,4
111820,2,NO,287,,,
112141,4,SI,8,,,
112143,2,SI,267,,,
112159,4,SI,0,,,
112160,4,SI,33,,,
112599,4,SI,19,,,
112963,2,SI,81,,,
112964,2,SI,107,,,
113102,4,SI,6,,,
113123,2,SI,114,,,
113172,2,SI,101,,,
113269,1,NO,279,,,
113296,4,SI,35,,,
113331,2,SI,107,,,
113373,4,SI,33,,,
113387,2,SI,76,,,
113599,4,SI,37,,,
113756,2,NO,367,,,
113970,4,SI,2,,,
113990,4,SI,46,,,
114011,2,NO,305,,,
114042,2,NO,335,,,
114062,4,SI,31,,,
114266,2,SI,223,,,
114303,2,SI,80,,,
114404,4,NO,68,,,
114566,2,SI,206,,,
114588,2,SI,64,,,
114597,4,SI,28,,,
114605,2,SI,58,,,
114660,3,SI,36,,,
114693,4,SI,0,,,
114774,2,SI,59,,,
114775,3,SI,8,,,
114852,4,SI,2,,,
114856,3,SI,3,,,
115074,4,SI,16,,,
115353,2,SI,234,,,
115378,4,SI,0,0,0,90
115550,4,SI,0,0,0,85
115696,4,SI,0,0,0,119
115739,4,SI,9,,,
115744,2,NO,196,,,
115858,2,SI,57,,,
115909,2,SI,64,,,
115949,4,NO,174,,,
116076,2,SI,67,,,
116177,4,SI,39,,,
116305,2,SI,53,,,
116500,4,SI,16,,,
116555,4,NO,48,,,
116564,4,SI,23,,,
116734,2,NO,273,,,
117124,2,SI,233,,,
117371,2,SI,52,,,
117378,4,SI,25,,,
117380,4,SI,2,,,
117486,4,SI,5,,,
117684,4,SI,8,,,
117845,3,SI,4,,,
117988,2,SI,345,,,
118009,4,SI,1,,,
118188,2,SI,151,,,
118265,2,SI,384,,,
118289,2,SI,65,,,
118351,3,SI,0,0,0,2
118387,3,NO,162,,,
118435,4,NO,105,,,
119016,4,SI,12,,,
119110,4,SI,27,,,
119220,4,SI,36,,,
119321,2,NO,248,,,
119453,2,SI,117,,,
119471,2,SI,73,,,
119509,4,SI,12,,,
119543,2,SI,105,,,
119659,3,SI,0,0,0,1
119680,3,SI,37,,,
119934,1,SI,82,,,
120187,2,SI,208,,,
120341,4,NO,132,,,
120606,3,SI,0,0,0,5
120638,4,NO,170,,,
120710,2,SI,128,,,
120901,4,SI,5,,,
120901,4,NO,0,0,0,2
120918,4,SI,1,,,
120979,2,SI,60,,,
121152,4,SI,48,,,
121244,4,SI,13,,,
121383,2,SI,87,,,
121496,4,NO,117,,,
121652,4,SI,13,,,
121663,2,SI,109,,,
121837,4,SI,0,0,0,61
121880,2,SI,59,,,
122041,4,SI,4,,,
122044,3,SI,0,0,0,2
122090,4,SI,25,,,
122146,2,SI,113,,,
122155,3,SI,28,0,0,4
122218,2,SI,96,,,
122341,3,SI,0,,,
122344,4,SI,5,,,
122355,2,SI,67,,,
122363,4,SI,33,,,
122368,3,SI,38,,,
122404,3,SI,0,0,0,4
122596,4,NO,84,,,
122606,2,SI,76,,,
122695,4,SI,3,,,
122706,2,SI,62,,,
122757,4,NO,114,,,
122874,4,SI,1,,,
123005,2,SI,155,,,
123060,2,SI,146,,,
123075,4,SI,35,,,
123088,4,NO,115,,,
123235,3,SI,46,,,
123558,2,SI,101,,,
123618,2,SI,66,,,
123666,4,SI,1,,,
123754,2,SI,67,,,
123782,2,SI,168,,,
123845,2,SI,62,,,
123974,4,SI,15,,,
124100,4,SI,0,0,0,97
124102,2,SI,63,,,
124214,2,SI,80,,,
124370,4,SI,30,,,
124388,2,NO,229,,,
124477,2,SI,213,,,
124504,2,SI,200,,,
124616,2,SI,228,,,
124682,2,SI,395,,,
124720,2,SI,65,,,
124751,4,SI,0,0,0,96
124840,2,SI,138,,,
124860,4,SI,32,,,
125014,2,SI,68,,,
125039,4,SI,42,,,
125056,4,NO,122,,,
125076,3,SI,0,0,0,1
125171,4,SI,20,,,
125270,2,SI,80,,,
125294,2,SI,74,,,
125401,3,SI,25,,,
125512,2,SI,86,,,
125628,4,SI,2,,,
125672,4,NO,87,,,
125703,4,NO,146,,,
125840,4,SI,0,0,0,102
126045,2,SI,59,,,
126054,4,SI,0,,,
126085,2,SI,129,,,
126158,2,SI,311,,,
126188,2,SI,51,,,
126380,3,SI,48,,,
126454,2,SI,89,,,
126558,4,SI,48,,,
126581,4,SI,2,,,
126583,2,SI,56,,,
126622,4,SI,6,,,
126747,4,SI,44,,,
126893,2,SI,99,,,
126920,4,SI,21,,,
126972,4,SI,18,,,
127042,1,SI,105,,,
127083,4,SI,39,,,
127143,1,SI,107,,,
127174,2,SI,65,,,
127416,2,SI,381,,,
127473,2,SI,524,,,
127506,2,SI,138,,,
127511,2,SI,230,,,
127553,4,NO,101,,,
127647,4,SI,24,,,
127682,2,SI,317,,,
127848,4,SI,17,,,
127995,2,SI,204,,,
128004,4,SI,18,,,
128140,4,SI,8,,,
128473,1,SI,160,,,
128482,4,NO,113,,,
128484,4,SI,0,,,
128694,4,SI,12,,,
129097,4,NO,164,,,
129107,4,SI,9,,,
129208,4,NO,112,,,
129214,2,SI,157,,,
129229,4,SI,0,0,0,138
129415,2,SI,229,,,
129433,2,NO,251,,,
129479,4,SI,0,0,0,34
129496,4,SI,0,0,0,141
129545,4,NO,3,,,
129556,4,NO,100,,,
129717,4,SI,38,,,
129791,2,SI,102,,,
129819,4,SI,0,,,
129847,4,SI,20,,,
129853,3,SI,0,0,0,2
129914,4,SI,38,,,
129919,3,SI,1,,,
129988,4,SI,0,0,0,
130182,4,SI,28,,,
130278,2,SI,131,,,
130284,4,SI,0,0,0,113
130510,2,SI,81,,,
130588,4,SI,23,,,
130612,2,SI,59,,,
130767,4,NO,0,0,0,134
130786,2,SI,219,,,
130839,4,NO,144,,,
130961,4,SI,6,,,
131237,4,SI,32,,,
131312,4,SI,0,0,0,79
131319,4,SI,0,0,0,109
131362,2,SI,89,,,
131387,2,SI,250,,,
131490,3,SI,27,,,
131524,2,SI,452,,,
131653,4,NO,35,,,
131734,4,SI,0,,,
131790,4,SI,28,,,
131800,4,SI,4,,,
132000,2,SI,243,,,
132118,4,NO,140,,,
132154,3,SI,0,0,0,4
132212,2,SI,94,,,
132234,2,NO,201,,,
132310,3,NO,171,,,
132327,3,SI,0,0,0,2
132329,4,SI,36,,,
132329,4,SI,0,0,0,50
132334,4,SI,36,,,
132376,2,SI,120,,,
132460,4,SI,46,,,
132597,2,SI,80,,,
132656,4,NO,154,,,
132750,2,SI,60,,,
132846,4,NO,180,,,
132902,2,NO,530,,,
132940,4,NO,53,,,
132949,4,SI,0,,,
132992,2,SI,54,,,
133146,2,NO,216,,,
133426,4,SI,6,,,
133461,2,SI,63,,,
133535,2,SI,110,,,
133561,4,SI,36,,,
133682,4,SI,32,,,
133807,2,SI,227,,,
133811,4,SI,0,0,0,86
133832,2,SI,90,,,
133947,4,SI,12,,,
133955,2,NO,222,,,
134110,4,NO,114,,,
134131,2,NO,246,,,
134183,2,NO,191,,,
134222,4,SI,0,0,0,88
134257,4,NO,180,,,
134316,4,NO,119,,,
134618,2,SI,124,,,
135085,2,NO,217,,,
135148,4,NO,164,,,
135513,2,SI,56,,,
135609,2,NO,252,,,
135659,4,SI,0,0,0,113
135680,4,NO,141,,,
135841,3,SI,4,,,
136243,4,SI,18,,,
136272,3,SI,38,,,
136334,2,SI,79,,,
136371,3,SI,7,,,
136496,2,SI,218,,,
136802,2,NO,202,,,
136876,4,NO,120,,,
136944,2,SI,114,,,
136963,4,SI,8,,,
137029,2,SI,132,,,
137042,2,SI,86,,,
137086,2,NO,342,,,
137130,4,SI,33,,,
137156,4,SI,37,,,
137279,4,SI,12,,,
137297,2,SI,107,,,
137362,4,SI,22,,,
137543,4,NO,100,,,
137648,3,SI,0,0,0,4
137704,2,NO,259,,,
137794,2,SI,57,,,
138022,4,SI,12,,,
138022,4,SI,23,,,
138118,4,NO,186,,,
138478,2,SI,109,,,
138494,4,SI,0,0,0,148
138536,4,SI,49,,,
138595,4,SI,45,,,
138637,2,NO,925,,,
138744,4,SI,17,,,
138988,4,SI,36,,,
139225,4,SI,8,,,
139507,2,SI,208,,,
139617,2,SI,83,,,
139749,2,SI,79,,,
139774,2,SI,125,,,
139861,2,SI,140,,,
139954,2,SI,530,,,
140086,2,SI,123,,,
140113,3,SI,6,,,
140147,2,SI,55,,,
140154,4,SI,34,,,
140200,4,NO,186,,,
140425,4,SI,20,,,
140723,2,SI,61,,,
140735,4,SI,28,,,
140816,2,SI,67,,,
140842,4,SI,8,,,
140894,4,SI,24,,,
140978,2,NO,267,,,
141033,4,SI,31,,,
141081,4,NO,102,,,
141122,4,NO,89,,,
141187,2,SI,85,,,
141395,4,SI,9,,,
141591,2,NO,194,,,
141633,4,SI,6,,,
141674,4,SI,17,,,
141916,4,SI,0,0,0,92
141958,2,NO,425,,,
142091,2,SI,243,,,
142179,4,SI,9,,,
142525,2,SI,92,,,
142600,4,SI,37,,,
142655,3,SI,44,,,
142675,4,SI,0,,,
142825,4,NO,104,,,
142865,1,SI,194,,,
142913,2,SI,51,,,
143096,2,NO,423,,,
143184,2,NO,354,,,
143205,1,SI,71,,,
143206,4,SI,20,,,
143246,2,NO,192,,,
143333,2,SI,416,,,
143451,4,SI,5,,,
143613,2,SI,64,,,
143667,1,SI,70,,,
143812,4,SI,12,,,
143954,1,SI,141,,,
143969,2,SI,76,,,
143982,2,SI,276,,,
144182,1,SI,213,,,
144517,4,SI,0,0,0,72
144654,2,SI,91,,,
144693,4,SI,47,,,
144728,4,SI,8,,,
144741,2,NO,277,,,
144753,2,SI,197,,,
144805,3,SI,5,,,
144824,4,SI,2,,,
144829,2,SI,205,,,
144840,2,SI,125,,,
144958,2,SI,119,,,
144968,2,SI,150,,,
145081,2,SI,51,,,
145249,2,NO,262,,,
145357,4,SI,0,,,
145368,3,SI,27,,,
145500,2,SI,56,,,
145517,2,SI,143,,,
145527,2,NO,234,,,
145560,2,SI,145,,,
145692,3,SI,0,0,0,1
145859,2,SI,103,,,
145876,2,SI,52,,,
145888,2,SI,102,,,
145965,3,SI,5,,,
146038,4,SI,18,,,
146289,4,SI,4,,,
146553,4,SI,40,,,
146751,4,SI,42,,,
146805,2,NO,280,,,
146901,2,SI,72,,,
147075,4,SI,23,,,
147112,4,SI,0,0,0,72
147235,4,SI,30,,,
147304,2,NO,354,,,
147323,4,SI,8,,,
147433,2,SI,69,,,
147476,4,NO,144,,,
147529,4,NO,104,,,
147573,2,SI,271,,,
147781,4,SI,1,,,
147890,3,SI,0,0,0,2
147953,4,NO,189,,,
148131,4,SI,7,,,
148164,3,NO,186,,,
148252,4,SI,0,,,
148364,4,NO,154,,,
148369,2,SI,77,,,
148706,4,SI,2,,,
148742,4,SI,20,,,
148820,4,SI,29,,,
148825,2,SI,56,,,
149075,2,SI,139,,,
149104,2,SI,142,,,
149129,2,SI,88,,,
149256,2,SI,154,,,
149334,3,SI,0,0,0,2
149351,3,SI,1,,,
149482,2,SI,87,,,
149484,4,NO,131,,,
149531,4,SI,48,,,
149605,4,NO,16,,,
149634,2,NO,204,,,
149657,2,SI,140,,,
149709,4,SI,39,,,
149817,2,SI,70,,,
149920,4,SI,45,,,
149976,2,SI,88,,,
150005,4,SI,13,,,
150047,3,SI,2,,,
150113,4,SI,3,,,
150406,2,SI,70,,,
150704,4,NO,79,,,
150705,4,SI,35,,,
150736,4,SI,0,0,0,65
151042,4,SI,38,,,
151244,2,NO,508,,,
151284,4,SI,37,,,
151315,2,NO,365,,,
151330,4,SI,19,,,
151462,4,SI,1,,,
151637,4,SI,31,,,
151724,4,SI,16,,,
151931,4,SI,2,,,
151982,2,SI,55,,,
152081,4,SI,24,,,
152280,2,SI,108,,,
152300,4,SI,47,,,
152310,4,SI,15,,,
152334,2,SI,67,,,
152423,2,NO,202,,,
152434,4,SI,35,,,
152528,2,SI,207,,,
152686,2,NO,237,,,
152698,2,SI,183,,,
152834,2,SI,130,,,
152948,2,SI,69,,,
152959,4,SI,14,,,
153135,2,SI,79,,,
153601,4,SI,20,,,
153642,4,NO,69,,,
153675,2,SI,89,,,
153698,4,SI,28,,,
153751,3,SI,9,,,
153959,2,SI,96,,,
153966,2,NO,232,,,
154129,2,SI,113,,,
154217,2,NO,448,,,
154395,4,SI,2,0,7,
154438,2,SI,193,,,
154438,4,SI,29,,,
154586,4,SI,28,,,
154722,4,NO,104,,,
154788,2,SI,74,,,
154794,4,NO,0,0,0,82
154950,3,SI,0,0,0,6
155067,4,SI,0,0,0,93
155156,2,SI,149,,,
155173,3,SI,0,0,0,10
155213,2,SI,153,,,
155235,2,SI,86,,,
155280,4,SI,30,,,
155405,2,NO,534,,,
155448,3,SI,0,0,0,2
155564,4,NO,145,,,
155603,2,SI,109,,,
155632,2,SI,345,,,
155642,3,SI,0,0,0,1
155645,2,SI,210,,,
155666,4,SI,15,,,
155673,4,SI,0,,,
155806,2,SI,86,,,
156161,4,SI,1,,,
156260,3,SI,0,0,0,2
156856,4,NO,74,,,
156889,4,SI,26,,,
157020,4,SI,36,,,
157042,2,SI,61,,,
157082,2,SI,196,,,
157183,2,NO,218,,,
157238,2,SI,103,,,
157281,2,SI,173,,,
157428,2,NO,195,,,
157516,2,NO,196,,,
157597,2,SI,98,,,
157674,4,SI,0,0,0,31
157701,2,SI,62,,,
157856,2,SI,75,,,
157935,2,SI,64,,,
158083,4,SI,24,,,
158125,4,NO,164,,,
158209,4,SI,17,,,
158289,2,SI,119,,,
158347,2,NO,197,,,
158391,4,SI,3,,,
158409,4,SI,15,,,
158426,4,NO,173,,,
158512,3,SI,0,,,
158573,2,SI,112,,,
158680,4,SI,0,0,0,69
158746,2,NO,299,,,
158770,3,SI,0,0,0,2
158812,2,SI,88,,,
158843,3,SI,0,0,0,3
158876,2,NO,200,,,
158936,2,SI,66,,,
159116,4,SI,35,,,
159141,2,SI,112,,,
159189,4,NO,85,,,
159334,4,NO,130,,,
159544,4,SI,2,,,
159569,4,NO,147,,,
159690,4,SI,3,,,
159718,4,NO,132,,,
159767,4,NO,172,,,
159947,2,SI,74,,,
160013,2,SI,226,,,
160190,4,SI,36,,,
160202,2,SI,134,,,
160337,2,SI,76,,,
160360,2,SI,207,,,
160399,4,SI,28,,,
160453,4,NO,170,,,
160605,4,NO,157,,,
160885,4,SI,0,,,
160932,2,SI,83,,,
160981,4,SI,9,,,
161026,2,SI,166,,,
161055,3,SI,1,,,
161247,1,NO,224,,,
161309,3,SI,0,0,0,1
161377,3,SI,20,,,
161406,4,SI,16,,,
161531,4,SI,41,,,
161652,4,SI,41,,,
161998,3,SI,0,,,
162088,2,SI,82,,,
162114,4,SI,23,,,
162172,2,SI,112,,,
162209,2,SI,69,,,
162301,3,SI,0,0,0,2
162322,1,SI,56,,,
162330,3,SI,0,0,0,2
162409,2,SI,190,,,
162411,2,SI,53,,,
162477,4,NO,115,,,
162487,3,SI,0,0,0,1
162501,2,SI,87,,,
162577,4,SI,24,,,
162617,4,SI,12,,,
162991,2,SI,64,,,
163029,4,NO,168,,,
163070,2,SI,60,,,
163104,2,SI,150,,,
163120,2,SI,148,,,
163449,2,SI,108,,,
163466,4,SI,25,,,
163530,4,SI,43,,,
163747,3,SI,27,,,
163750,1,SI,85,,,
163773,4,NO,149,,,
163790,2,SI,73,,,
163798,2,SI,97,,,
163804,2,SI,85,,,
163868,4,NO,153,,,
163951,4,SI,18,,,
163982,1,NO,200,,,
164199,2,NO,286,,,
164264,4,SI,17,,,
164522,2,SI,109,,,
164538,4,SI,0,,,
164594,4,SI,0,,,
164800,4,SI,48,,,
164924,2,SI,79,,,
165145,4,SI,49,,,
165218,2,SI,286,,,
165248,2,SI,311,,,
165275,2,SI,112,,,
165379,4,SI,0,,,
165402,2,SI,134,,,
165431,2,SI,237,,,
165641,2,SI,88,,,
165949,2,SI,68,,,
166084,4,SI,13,,,
166088,2,SI,209,,,
166333,3,SI,14,,,
166422,2,SI,80,,,
166426,4,NO,39,,,
166537,4,SI,0,0,0,79
166567,4,NO,108,,,
166573,2,SI,165,,,
166588,4,SI,0,,,
166645,4,SI,39,,,
166737,2,SI,81,,,
166744,4,SI,32,,,
166804,2,NO,277,,,
166910,2,NO,402,,,
167051,4,SI,1,,,
167115,4,SI,22,,,
167191,4,NO,160,,,
167201,2,SI,55,,,
167379,2,NO,308,,,
167427,2,SI,221,,,
167496,2,SI,63,,,
167580,4,SI,33,,,
167747,2,SI,140,,,
167755,3,SI,43,,,
168138,4,SI,27,,,
168144,4,SI,0,0,0,92
168296,2,SI,187,,,
168399,2,NO,261,,,
168464,3,SI,28,,,
168527,2,SI,85,,,
168642,4,SI,31,,,
168647,2,SI,98,,,
168784,2,SI,85,,,
168860,3,SI,0,0,0,2
168878,2,NO,248,,,
168961,4,SI,9,,,
169039,4,SI,45,,,
169051,4,NO,30,,,
169082,2,SI,83,,,
169089,2,SI,71,,,
169172,3,SI,0,,,
169173,4,SI,39,,,
169362,2,NO,359,,,
169410,4,SI,33,,,
169465,4,SI,15,,,
169488,4,SI,36,,,
169502,4,NO,161,,,
169694,3,SI,14,,,
169852,4,SI,17,,,
169952,2,SI,68,,,
170185,2,SI,124,,,
170267,4,SI,26,,,
170334,4,SI,10,,,
170353,2,SI,141,,,
170532,2,SI,192,,,
170552,4,SI,0,0,5,
170690,2,SI,153,,,
170879,4,SI,5,,,
170975,4,SI,0,0,,
171108,4,SI,0,0,0,171
171118,4,SI,4,,,
171318,2,SI,198,,,
171349,4,SI,0,0,0,80
171424,4,SI,9,,,
171507,4,NO,131,,,
171652,2,SI,88,,,
171677,1,SI,194,,,
171801,4,NO,105,,,
171965,2,SI,131,,,
172128,2,SI,75,,,
172240,2,SI,166,,,
172533,2,NO,229,,,
172620,2,SI,169,,,
172662,4,SI,49,,,
172662,2,SI,62,,,
172692,3,SI,7,,,
172782,2,SI,158,,,
172957,2,SI,60,,,
173069,1,SI,130,,,
173193,4,SI,10,,,
173210,4,SI,2,,,
173408,4,SI,20,,,
173451,2,SI,58,,,
173506,2,SI,53,,,
173577,2,SI,134,,,
173614,2,SI,92,,,
173805,4,SI,34,,,
173874,4,SI,1,,,
173931,4,SI,10,,,
174129,4,NO,124,,,
174216,2,SI,176,,,
174270,2,SI,127,,,
174415,2,SI,81,,,
174444,2,SI,95,,,
174446,4,SI,9,,,
174477,4,SI,25,,,
174584,2,NO,221,,,
174634,4,SI,4,,,
174873,4,SI,0,,,
174911,4,SI,2,,,
174966,4,NO,130,,,
175300,4,SI,0,0,17,
175422,3,SI,0,0,0,5
175513,2,SI,63,,,
175541,3,NO,119,,,
175764,2,SI,51,,,
175888,2,SI,146,,,
175949,4,SI,0,0,0,112
175961,4,SI,20,,,
176041,2,SI,162,,,
176122,4,NO,76,,,
176128,4,NO,108,,,
176187,2,SI,164,,,
176267,2,SI,103,,,
176276,4,SI,0,0,0,86
176277,2,SI,240,,,
176360,2,SI,158,,,
176735,2,SI,108,,,
176854,1,SI,112,,,
176881,3,SI,0,0,0,2
176931,3,SI,3,,,
177043,2,SI,120,,,
177097,2,SI,73,,,
177144,2,SI,118,,,
177148,2,SI,70,,,
177249,4,SI,37,,,
177290,2,SI,68,,,
177294,3,SI,0,0,0,2
177316,4,SI,0,,,
177382,4,NO,174,,,
177416,2,SI,57,,,
177439,2,NO,197,,,
177517,2,SI,89,,,
177574,4,SI,24,,,
177723,4,SI,9,,,
177724,3,SI,0,0,0,2
177801,4,SI,0,,,
178016,4,SI,0,0,0,20
178092,2,SI,181,,,
178113,2,SI,119,,,
178138,4,SI,21,,,
178233,2,SI,79,,,
178491,4,SI,0,,,
178498,2,NO,289,,,
178554,4,SI,43,,,
178751,4,SI,40,,,
178850,2,SI,169,,,
178857,4,SI,26,,,
178907,4,SI,20,,,
178934,2,SI,87,,,
179084,2,SI,64,,,
179121,2,SI,54,,,
179138,3,SI,0,0,0,3
179246,4,SI,24,,,
179417,4,NO,156,,,
179520,4,SI,47,,,
179572,4,SI,0,0,0,32
179708,2,SI,130,,,
179759,4,SI,26,,,
179801,2,SI,64,,,
180048,4,SI,14,,,
180050,3,SI,9,,,
180188,3,NO,150,,,
180385,4,SI,0,0,0,91
180450,4,SI,34,,,
180734,4,SI,5,,,
180766,2,SI,254,,,
180817,4,SI,1,,,
180922,2,SI,322,,,
181072,4,SI,24,,,
181141,2,SI,122,,,
181375,2,NO,190,,,
181422,4,SI,12,,,
181451,4,SI,22,,,
181577,2,NO,276,,,
181648,4,SI,10,,,
181656,2,SI,129,,,
181695,2,SI,129,,,
181770,2,SI,117,,,
181792,4,NO,121,,,
181802,4,SI,13,,,
181867,2,SI,61,,,
181981,4,SI,0,,,
182054,4,SI,40,,,
182197,1,SI,53,,,
182251,4,SI,33,,,
182397,3,NO,119,,,
182399,2,SI,56,,,
182450,4,NO,30,,,
182451,4,NO,116,,,
182567,4,NO,39,,,
182644,4,SI,0,0,0,99
182923,4,SI,45,,,
182985,2,SI,128,,,
183012,4,SI,23,,,
183126,4,SI,29,,,
183262,2,SI,136,,,
183319,4,SI,0,,,
183428,4,SI,21,,,
183533,4,SI,7,,,
183543,4,SI,2,,,
183848,3,SI,1,,,
183855,4,NO,113,,,
183905,4,NO,14,,,
184048,4,SI,9,,,
184182,2,SI,128,,,
184200,2,SI,88,,,
184296,2,SI,164,,,
184359,4,SI,9,,,
184387,2,SI,93,,,
184460,1,SI,102,,,
184593,4,NO,36,,,
184790,4,SI,0,0,0,131
184918,4,SI,33,,,
184934,4,SI,2,,,
185385,2,SI,105,,,
185422,4,NO,171,,,
185489,4,SI,20,,,
185717,4,SI,27,,,
185935,4,NO,176,,,
185942,4,SI,49,,,
186045,4,SI,0,,,
186333,4,NO,0,0,0,43
186369,4,SI,29,,,
186382,2,SI,58,,,
186392,2,SI,56,,,
186411,2,SI,105,,,
186506,2,SI,258,,,
186537,4,SI,42,,,
186557,2,NO,242,,,
186645,4,NO,109,,,
186761,4,SI,10,,,
186850,2,SI,52,,,
187026,4,SI,6,,,
187116,2,SI,74,,,
187216,4,SI,0,,,
187391,4,SI,26,,,
187460,2,NO,227,,,
187527,4,SI,0,0,,
187639,4,NO,114,,,
187644,4,SI,1,,,
187810,2,SI,91,,,
187836,2,NO,363,,,
187867,2,SI,87,,,
187962,4,NO,72,,,
187983,4,SI,0,,,
187995,4,SI,3,,,
188031,4,SI,4,,,
188131,1,SI,291,,,
188171,4,NO,175,,,
188278,2,SI,66,,,
188394,2,SI,51,,,
188412,4,SI,33,,,
188481,2,SI,57,,,
188488,2,NO,377,,,
188746,4,SI,7,,,
188907,2,SI,56,,,
188936,2,SI,234,,,
189045,2,SI,62,,,
189106,3,SI,30,,,
189142,4,SI,0,0,0,16
189176,1,SI,60,,,
189198,2,SI,213,,,
189667,2,SI,114,,,
189887,2,SI,116,,,
190064,4,SI,46,,,
190150,4,SI,0,0,0,80
190339,4,SI,24,,,
190449,4,SI,26,,,
190499,3,SI,10,,,
190586,2,SI,182,,,
190811,2,SI,51,,,
191127,3,SI,0,0,0,1
191204,4,SI,8,,,
191354,4,SI,29,,,
191364,4,SI,8,,,
191552,4,NO,165,,,
191614,2,SI,162,,,
191659,4,SI,31,,,
191772,4,NO,160,,,
191980,3,SI,0,0,0,1
192076,2,SI,52,,,
192156,2,NO,201,,,
192168,4,SI,0,0,4,
192361,4,SI,23,,,
192540,4,NO,154,,,
192596,2,SI,223,,,
192644,2,SI,205,,,
192647,2,SI,119,,,
192826,4,NO,127,,,
192925,2,SI,137,,,
192946,2,SI,384,,,
193140,2,SI,53,,,
193164,4,SI,13,,,
193219,4,NO,47,,,
193227,2,SI,54,,,
193348,4,SI,33,,,
193432,4,SI,14,,,
193973,2,SI,138,,,
194045,1,SI,205,,,
194101,2,SI,80,,,
194366,4,NO,154,,,
194411,2,SI,56,,,
194425,4,SI,0,,,
194432,2,SI,96,,,
194588,4,SI,44,,,
194615,2,SI,172,,,
194782,2,SI,78,,,
194819,2,SI,54,,,
195267,3,SI,0,0,0,4
195301,4,NO,84,,,
195330,4,SI,34,,,
195416,4,SI,15,,,
195446,2,SI,215,,,
195447,4,SI,17,,,
195479,2,SI,95,,,
195513,4,NO,4,,,
195608,2,SI,133,,,
195714,4,SI,49,,,
195914,2,SI,159,,,
195939,4,SI,12,,,
195960,2,NO,333,,,
195966,2,SI,86,,,
195972,2,SI,64,,,
195981,4,SI,45,,,
196055,3,SI,0,0,0,7
196093,4,SI,12,,,
196150,2,SI,276,,,
196311,3,SI,36,,,
196380,4,SI,48,,,
196594,2,SI,53,,,
196761,3,NO,39,,,
196780,4,NO,145,,,
196948,2,SI,74,,,
197099,2,NO,403,,,
197198,4,SI,18,,,
197308,4,SI,3,,,
197325,2,SI,50,,,
197353,2,SI,125,,,
197385,4,SI,12,,,
197638,4,SI,16,,,
197713,4,SI,23,,,
197715,4,NO,90,,,
197943,2,SI,70,,,
198025,2,NO,307,,,
198079,2,SI,80,,,
198217,4,SI,0,0,,
198219,4,SI,11,,,
198224,2,NO,268,,,
198729,4,SI,13,,,
198735,4,NO,133,,,
198744,4,NO,55,,,
198762,2,SI,81,,,
198791,3,SI,0,0,0,4
198974,2,SI,191,,,
199116,2,SI,82,,,
199124,3,SI,0,0,0,6
199261,2,SI,110,,,
199273,4,SI,1,,,
199334,4,SI,31,,,
199497,4,SI,12,,,
199504,4,SI,0,,,
199510,4,SI,0,,,
199703,4,NO,66,,,
199813,4,SI,4,,,
199818,4,SI,11,,,
200076,2,SI,63,,,
200126,4,NO,159,,,
200193,2,SI,115,,,
200249,4,NO,1,,,
200250,4,SI,35,,,
200513,3,SI,0,0,0,7
200529,4,SI,28,,,
200746,3,SI,0,0,0,8
200855,2,SI,75,,,
200968,4,NO,60,0,0,130
201023,2,SI,67,,,
201024,2,SI,88,,,
201034,2,SI,95,,,
201057,2,SI,479,,,
201322,4,SI,24,,,
201464,2,SI,129,,,
201682,2,SI,216,,,
201713,4,NO,172,,,
201801,2,SI,587,,,
201823,4,NO,10,0,0,15
201834,3,SI,41,,,
201864,4,NO,141,,,
201894,2,NO,258,,,
202218,4,NO,108,,,
202294,4,SI,0,0,0,46
202310,1,SI,149,,,
202352,3,SI,0,0,0,2
202356,2,NO,206,,,
202357,2,SI,95,,,
202453,2,SI,80,,,
202503,2,NO,307,,,
202539,3,NO,179,,,
202554,3,SI,0,0,0,2
202556,2,SI,57,,,
202567,4,SI,36,,,
202790,4,SI,26,,,
202841,1,SI,59,,,
202968,4,SI,33,,,
203145,2,SI,114,,,
203152,4,SI,0,,,
203204,2,SI,75,,,
203233,4,SI,2,,,
203399,2,SI,167,,,
203402,2,SI,71,,,
203473,4,SI,9,,,
203580,4,SI,31,,,
203747,4,NO,50,,,
203780,4,SI,10,,,
203855,2,SI,175,,,
203946,4,SI,33,,,
204058,4,NO,141,,,
204212,4,NO,188,,,
204356,4,SI,46,,,
204681,4,SI,1,,,
204731,4,NO,169,,,
204859,4,SI,26,,,
205053,4,SI,0,0,0,48
205137,4,SI,35,,,
205157,3,SI,0,0,0,1
205213,4,SI,17,,,
205236,4,SI,42,,,
205407,4,SI,25,,,
205598,4,SI,0,,,
205628,2,SI,123,,,
205695,4,SI,29,,,
205773,4,SI,18,,,
205854,2,NO,268,,,
205883,3,SI,0,0,0,2
205995,2,SI,106,,,
206131,1,SI,54,,,
206143,4,SI,31,,,
206243,2,SI,95,,,
206261,4,SI,15,,,
206422,3,NO,0,0,0,11
206525,1,SI,194,,,
206616,2,SI,86,,,
206661,2,SI,67,,,
206664,2,SI,190,,,
206739,2,SI,122,,,
206803,4,NO,161,,,
206915,4,SI,25,,,
207055,4,SI,6,,,
207144,2,SI,87,,,
207198,2,SI,94,,,
207275,4,SI,0,0,0,93
207391,4,SI,27,,,
207404,4,SI,21,,,
207423,4,SI,30,,,
207432,4,SI,0,0,0,80
207540,4,SI,0,0,0,60
207553,2,SI,90,,,
207609,4,SI,37,,,
207799,2,SI,73,,,
207801,4,NO,151,,,
207897,4,NO,100,,,
207955,4,SI,0,0,0,37
208021,4,SI,0,0,0,128
208068,2,SI,127,,,
208083,2,SI,80,,,
208120,2,SI,64,,,
208176,4,SI,26,,,
208316,4,NO,153,,,
208383,2,SI,66,,,
208415,3,NO,116,,,
208464,4,SI,30,,,
208485,2,SI,127,,,
208871,4,NO,60,,,
208957,2,SI,70,,,
209042,4,NO,123,,,
209090,4,SI,16,,,
209175,2,SI,84,,,
209281,4,NO,163,,,
209293,2,SI,53,,,
209346,2,NO,225,,,
209360,2,SI,70,,,
209376,4,SI,11,,,
209427,2,NO,267,,,
209492,4,SI,28,,,
209501,1,SI,63,,,
209581,2,SI,69,,,
209592,2,NO,262,,,
209629,2,NO,190,,,
209672,4,SI,20,,,
209742,3,SI,0,0,0,2
209814,2,SI,182,,,
209961,4,NO,158,,,
209964,2,SI,188,,,
209983,2,SI,74,,,
210103,4,SI,28,,,
210109,3,SI,0,,,
210282,2,SI,165,,,
210457,4,SI,10,,,
210865,2,SI,133,,,
211506,4,NO,114,,,
211645,4,SI,34,,,
211705,4,SI,26,,,
211865,4,NO,188,,,
211894,4,SI,21,,,
211981,4,SI,16,,,
212019,4,SI,3,,,
212289,2,SI,175,,,
212317,4,NO,108,,,
212539,4,NO,174,,,
212615,4,SI,46,,,
212689,2,SI,88,,,
212990,4,SI,41,,,
213037,2,SI,275,,,
213088,4,SI,0,0,0,37
213125,2,NO,193,,,
213260,4,SI,25,,,
213312,4,SI,7,,,
213523,4,SI,49,,,
213556,4,SI,28,,,
213609,2,SI,112,,,
213682,4,SI,0,0,0,87
213777,2,SI,213,,,
213801,2,SI,257,,,
213937,2,SI,205,,,
214009,4,SI,33,,,
214061,4,SI,10,,,
214228,4,SI,24,,,
214247,2,SI,171,,,
214255,4,NO,67,,,
214274,3,SI,0,0,0,7
214324,3,NO,0,0,0,3
214493,4,NO,174,,,
214629,2,NO,190,,,
214689,4,SI,20,,,
214739,2,NO,283,,,
214817,4,SI,36,,,
214847,2,SI,842,,,
215048,2,SI,80,,,
215212,4,SI,35,,,
215268,2,SI,262,,,
215378,2,NO,202,,,
215418,4,SI,17,,,
215495,4,SI,8,,,
215511,2,SI,130,,,
215556,4,SI,36,,,
215586,2,SI,188,,,
215700,3,SI,0,0,0,2
215740,4,SI,34,,,
215833,4,SI,25,,,
215836,3,SI,0,0,0,2
215887,2,SI,64,,,
215989,2,NO,208,,,
216346,1,SI,111,,,
216360,2,SI,53,,,
216441,4,SI,0,0,0,135
216462,4,SI,2,,,
216534,2,SI,135,,,
216789,3,SI,0,0,0,3
216808,4,NO,172,,,
216865,2,SI,72,,,
216875,4,SI,13,,,
217064,3,SI,19,,,
217156,4,SI,28,,,
217216,3,SI,0,0,0,2
217224,4,SI,0,,,
217229,2,SI,116,,,
217243,2,SI,57,,,
217280,2,SI,235,,,
217377,2,SI,59,,,
217515,3,SI,32,,,
217532,2,NO,240,,,
217533,2,SI,184,,,
217577,4,NO,109,,,
218044,4,SI,40,,,
218056,4,SI,0,,,
218128,4,NO,180,,,
218231,4,SI,8,,,
218268,3,SI,0,0,0,2
218307,4,SI,0,,,
218324,2,SI,67,,,
218368,4,SI,33,,,
218498,3,SI,39,,,
218866,4,NO,80,,,
218872,2,NO,216,,,
219007,2,SI,63,,,
219154,4,SI,26,,,
219231,1,SI,285,,,
219259,2,NO,195,,,
219405,4,SI,13,,,
219450,2,SI,81,,,
219571,4,SI,44,,,
219578,4,SI,0,0,8,
219640,2,SI,215,,,
219648,2,SI,75,,,
219770,1,SI,103,,,
220001,4,SI,49,,,
220018,4,NO,170,,,
220385,4,SI,5,,,
220395,2,SI,62,,,
220434,4,SI,0,0,0,15
220478,2,SI,63,,,
220551,4,SI,44,,,
220620,4,SI,43,,,
220696,2,SI,51,,,
220717,2,SI,72,,,
220738,2,SI,270,,,
220970,4,SI,17,,,
221060,4,NO,117,,,
221190,2,SI,135,,,
221589,4,SI,47,,,
221617,4,SI,13,,,
221645,4,SI,0,0,0,73
221780,3,SI,0,0,0,1
221789,2,SI,230,,,
221798,2,SI,324,,,
222023,4,SI,0,,,
222257,4,SI,27,,,
222267,2,SI,303,,,
222297,4,SI,14,,,
222410,2,NO,203,,,
222555,3,SI,0,0,0,2
222617,2,SI,64,,,
222637,4,NO,89,,,
222646,4,NO,135,,,
222725,4,SI,0,,,
222742,4,NO,104,,,
222892,3,NO,154,,,
223093,3,SI,0,0,0,9
223348,4,SI,10,,,
223374,2,SI,51,,,
223481,2,SI,98,,,
223545,2,NO,190,,,
223598,2,NO,194,,,
223611,4,SI,33,,,
223724,4,SI,1,,,
223788,4,SI,11,,,
223844,4,NO,121,,,
223922,4,SI,42,,,
224114,4,NO,145,,,
224244,2,SI,52,,,
224329,4,SI,10,,,
224356,4,SI,11,,,
224574,3,SI,0,0,0,1
224626,4,SI,2,,,
224648,2,SI,129,,,
224699,4,SI,2,,,
224747,2,SI,522,,,
225001,4,NO,58,,,
225098,4,SI,0,0,0,117
225199,4,SI,0,0,0,137
225199,4,SI,19,,,
225231,4,SI,0,0,0,111
225381,1,SI,67,,,
225458,4,SI,44,,,
225574,4,SI,15,,,
225692,2,SI,183,,,
225836,2,SI,62,,,
225871,4,NO,142,,,
226102,4,SI,37,,,
226281,2,SI,75,,,
226420,4,NO,154,,,
226923,2,NO,516,,,
226989,4,SI,12,,,
227158,2,SI,52,,,
227171,4,NO,171,,,
227279,4,SI,0,0,0,154
227419,2,NO,201,,,
227587,2,SI,184,,,
227687,2,SI,123,,,
228136,4,SI,0,0,0,68
228175,2,SI,57,,,
228239,4,SI,3,,,
228262,2,NO,245,,,
228263,4,SI,46,,,
228290,4,SI,37,,,
228367,4,NO,48,,,
228479,4,SI,1,,,
228599,3,NO,130,,,
228607,4,NO,186,,,
228664,1,SI,112,,,
228769,4,SI,0,,,
229106,2,SI,75,,,
229121,4,SI,45,,,
229215,4,SI,0,,,
229285,2,SI,68,,,
230188,4,SI,19,,,
230195,4,SI,18,,,
230197,4,SI,0,,,
230279,2,SI,50,,,
230326,2,SI,68,,,
230332,1,SI,162,,,
230524,2,SI,61,,,
230527,4,SI,2,,,
230588,4,SI,29,,,
230662,4,SI,10,0,0,85
230771,2,SI,79,,,
230793,4,SI,24,,,
230866,2,SI,118,,,
230933,4,NO,82,,,
230936,2,SI,53,,,
230949,2,NO,416,,,
231052,2,SI,83,,,
231052,2,SI,201,,,
231143,4,SI,4,,,
231338,4,NO,101,,,
231376,3,NO,176,,,
231380,2,SI,117,,,
231453,2,SI,122,,,
231513,4,NO,158,,,
231910,2,SI,83,,,
231980,3,SI,0,0,0,9
231999,4,SI,29,,,
232129,4,SI,0,0,0,98
232158,4,SI,16,,,
232223,4,SI,23,,,
232231,4,SI,14,,,
232236,2,SI,107,,,
232297,4,SI,31,,,
232460,3,SI,0,,,
232517,2,SI,52,,,
232532,4,SI,0,,,
232549,4,SI,18,,,
232563,4,SI,1,,,
232634,2,SI,135,,,
232649,2,SI,68,,,
232773,4,SI,12,,,
232855,1,SI,123,,,
233150,4,SI,48,,,
233162,1,SI,108,,,
233635,4,SI,0,,,
233794,2,SI,55,,,
233845,3,NO,100,0,0,7
234033,2,NO,443,,,
234070,2,SI,94,,,
234086,2,SI,174,,,
234275,3,SI,24,,,
234317,2,SI,116,,,
234327,2,SI,73,,,
234367,4,SI,48,,,
234367,2,SI,84,,,
234400,2,SI,194,,,
234833,2,NO,327,,,
234923,4,SI,0,0,0,16
234927,4,NO,154,,,
234957,2,SI,85,,,
235067,2,SI,59,,,
235091,2,SI,191,,,
235231,4,NO,0,0,0,23
235266,4,NO,142,,,
235352,2,SI,66,,,
235478,3,SI,0,0,0,1
235548,4,SI,5,,,
235628,4,SI,20,,,
236178,2,NO,232,,,
236183,4,SI,39,,,
236317,2,SI,56,,,
236347,4,SI,15,,,
236583,1,SI,100,,,
236659,4,SI,48,,,
236765,2,SI,178,,,
236804,2,SI,80,,,
236951,4,SI,0,0,0,30
236972,4,SI,37,,,
237052,4,SI,48,,,
237075,4,SI,0,,,
237143,4,NO,1,,,
237159,4,SI,24,,,
237185,4,SI,27,,,
237213,2,NO,224,,,
237301,2,NO,583,,,
237321,2,SI,83,,,
237352,2,NO,230,,,
237493,4,SI,12,,,
237502,3,SI,0,0,0,1
237598,4,SI,0,,,
237616,4,NO,156,,,
237661,2,SI,55,,,
237719,4,SI,13,,,
237784,2,SI,66,,,
237845,4,SI,44,,,
237904,1,SI,55,,,
237924,4,NO,34,,,
238011,3,SI,0,0,0,2
238022,4,NO,138,,,
238137,4,SI,46,,,
238143,2,SI,117,,,
238162,4,SI,17,,,
238210,2,SI,110,,,
238210,4,SI,34,,,
238294,2,SI,300,,,
238308,3,SI,0,0,0,2
238314,3,SI,0,0,0,3
238366,1,SI,219,,,
238374,2,SI,91,,,
238684,4,SI,8,,,
238783,2,SI,125,,,
238867,2,NO,696,,,
239018,2,SI,119,,,
239025,4,SI,0,,,
239288,2,SI,95,,,
239333,4,SI,0,0,0,90
239398,2,SI,139,,,
239577,4,SI,29,,,
239638,2,SI,131,,,
240136,4,NO,4,,,
240167,3,SI,0,0,0,4
240209,2,NO,221,,,
240404,4,SI,30,,,
240469,2,SI,114,,,
240498,4,SI,1,,,
240537,2,SI,72,,,
240558,4,SI,37,,,
240829,3,SI,0,0,0,5
240948,4,SI,12,,,
240958,2,SI,166,,,
240998,2,SI,80,,,
241102,2,SI,64,,,
241103,3,NO,138,,,
241116,3,SI,14,,,
241136,4,SI,12,,,
241196,4,SI,15,,,
241242,4,SI,11,,,
241308,3,SI,11,,,
241355,2,SI,325,,,
241411,2,SI,267,,,
241500,3,NO,0,0,0,5
241550,4,NO,45,,,
241594,2,SI,93,,,
241615,2,SI,98,,,
241635,3,SI,0,0,0,3
241660,2,SI,127,,,
241800,2,SI,122,,,
241819,4,SI,10,,,
241830,3,SI,0,0,0,2
241966,2,SI,226,,,
242220,2,SI,75,,,
242226,2,SI,84,,,
242275,4,NO,25,,,
242278,4,NO,185,,,
242318,2,SI,246,,,
242375,4,SI,0,,,
242377,2,SI,72,,,
242512,4,SI,14,,,
242891,2,SI,95,,,
242961,2,NO,223,,,
243129,2,SI,138,,,
243376,3,SI,0,0,0,1
243430,2,SI,108,,,
243485,2,SI,102,,,
243490,2,SI,137,,,
243594,4,SI,2,,,
243759,4,SI,43,,,
243790,2,SI,103,,,
243910,4,SI,34,,,
243964,1,SI,231,,,
244051,2,SI,134,,,
244052,4,NO,162,,,
244132,2,SI,184,,,
244229,4,SI,6,,,
244601,4,SI,31,,,
244760,4,SI,26,,,
244901,3,SI,0,,,
244935,4,NO,148,,,
245061,4,NO,121,,,
245069,4,SI,46,,,
245097,4,NO,172,,,
245234,2,SI,60,,,
245244,4,SI,0,,,
245292,4,SI,35,,,
245298,4,SI,25,,,
245336,4,SI,25,,,
245675,4,NO,39,,,
245675,2,SI,209,,,
245825,2,NO,244,,,
245872,4,NO,39,,,
245950,2,SI,155,,,
245960,4,SI,0,0,0,132
246265,2,NO,236,,,
246482,2,SI,189,,,
246509,4,SI,4,,,
246733,4,SI,34,,,
246954,2,SI,62,,,
246986,4,NO,93,,,
247036,2,SI,127,,,
247187,2,SI,135,,,
247311,4,SI,29,,,
247335,4,SI,9,,,
247478,2,SI,56,,,
247484,4,NO,183,,,
247582,4,SI,4,,,
247690,2,NO,250,,,
247727,2,SI,276,,,
247733,4,SI,28,,,
247753,2,SI,92,,,
247965,4,SI,14,,,
248045,2,SI,99,,,
248065,4,SI,7,,,
248355,4,SI,1,,,
248457,2,NO,259,,,
248490,2,SI,58,,,
248672,2,SI,69,,,
248674,2,SI,125,,,
248986,2,SI,301,,,
249124,2,NO,298,,,
249203,2,SI,50,,,
249203,4,SI,35,,,
249308,3,SI,24,,,
249348,2,SI,119,,,
249610,4,SI,16,,,
249905,4,SI,9,,,
249950,3,SI,24,,,
249957,4,SI,13,,,
250152,4,SI,0,,,
250188,4,NO,132,,,
250216,2,NO,327,,,
250233,2,SI,75,,,
250404,3,SI,0,0,0,2
250506,4,SI,25,,,
250529,2,SI,88,,,
250691,4,SI,0,,,
250854,4,NO,124,,,
250954,3,SI,37,,,
250973,2,SI,93,,,
251103,2,NO,558,,,
251570,3,SI,0,0,0,1
251635,2,SI,109,,,
251740,4,SI,0,,,
251760,4,NO,51,,,
251846,4,SI,14,,,
251852,2,SI,73,,,
251865,4,NO,144,,,
252064,4,NO,185,,,
252132,4,SI,38,,,
252184,2,SI,246,,,
252448,2,SI,67,,,
252476,3,SI,1,,,
252521,4,SI,0,,,
252556,2,SI,66,,,
252572,4,SI,12,,,
252609,4,NO,75,,,
252804,2,SI,64,,,
252994,3,SI,0,0,0,4
253053,2,SI,56,,,
253075,1,SI,93,,,
253244,2,SI,320,,,
253298,2,SI,67,,,
253323,4,SI,0,,,
253452,2,NO,216,,,
253566,4,SI,14,,,
253721,4,SI,30,,,
253819,4,SI,41,,,
253883,2,SI,103,,,
254068,2,SI,198,,,
254071,4,SI,9,,,
254236,2,SI,204,,,
254303,2,SI,57,,,
254365,2,NO,218,,,
254378,4,SI,44,,,
254430,2,SI,71,,,
254440,1,SI,106,,,
254523,2,SI,51,,,
254528,2,SI,52,,,
254539,2,SI,131,,,
254579,4,SI,3,,,
254711,2,SI,59,,,
254768,4,SI,14,,,
254851,4,NO,130,,,
254872,2,SI,181,,,
254874,4,NO,106,,,
255064,4,SI,16,,,
255145,4,SI,6,,,
255172,2,SI,135,,,
255248,2,SI,81,,,
255451,4,NO,185,,,
255562,4,NO,119,,,
255562,2,SI,56,,,
255566,4,SI,7,,,
255647,2,SI,69,,,
255788,2,SI,133,,,
255886,4,SI,24,,,
256029,2,SI,108,,,
256050,2,SI,109,,,
256104,4,SI,28,,,
256244,2,SI,156,,,
256278,2,SI,135,,,
256516,2,SI,69,,,
256691,4,SI,0,0,0,61
256696,2,SI,178,,,
256930,3,SI,22,,,
256963,2,NO,316,,,
257021,4,SI,6,,,
257091,2,NO,261,,,
257154,4,SI,26,,,
257293,1,SI,249,,,
257430,3,SI,4,,,
257463,4,SI,10,,,
257466,2,SI,108,,,
257486,1,SI,88,,,
257540,4,NO,164,,,
257662,2,SI,71,,,
257666,2,NO,363,,,
257735,2,SI,198,,,
257805,2,SI,73,,,
258067,4,NO,89,,,
258075,4,NO,90,,,
258154,2,SI,176,,,
258179,4,SI,47,,,
258193,4,SI,34,,,
258259,2,SI,112,,,
258345,4,SI,12,,,
258541,2,SI,81,,,
258578,4,SI,47,,,
258712,4,SI,8,,,
258742,4,NO,72,,,
258744,2,SI,97,,,
258812,4,SI,5,,,
258855,2,SI,56,,,
258892,4,SI,18,,,
258900,1,SI,85,,,
258928,2,SI,109,,,
258933,2,SI,54,,,
259126,3,SI,7,,,
259193,4,SI,38,,,
259487,2,SI,112,,,
259504,4,SI,36,,,
259571,2,SI,103,,,
259589,4,NO,41,,,
259790,1,SI,51,,,
259828,4,SI,15,,,
259880,4,SI,0,,,
259901,2,SI,113,,,
259912,2,SI,107,,,
260030,2,SI,134,,,
260229,2,SI,50,,,
260280,4,SI,2,,,
260360,4,SI,3,,,
260426,2,SI,329,,,
260427,3,SI,29,,,
260499,4,SI,0,0,0,119
260563,2,SI,97,,,
260575,4,SI,5,0,0,141
260681,2,SI,151,,,
260725,2,SI,96,,,
260831,2,SI,90,,,
260895,4,SI,20,,,
260930,3,SI,0,0,0,2
260976,2,NO,331,,,
261089,3,SI,0,0,0,2
261153,2,SI,60,,,
261162,2,SI,65,,,
261260,2,NO,339,,,
261366,4,SI,32,,,
261373,2,SI,101,,,
261409,4,NO,115,,,
261413,3,SI,41,,,
261425,4,SI,3,,,
261518,3,NO,0,,,
261567,4,SI,3,,,
261612,2,SI,55,,,
261622,4,NO,121,,,
261780,2,SI,119,,,
261889,4,SI,0,,,
261968,4,NO,158,,,
261969,4,SI,2,,,
262181,2,SI,142,,,
262236,4,SI,0,,,
262341,2,SI,52,,,
262457,4,SI,20,,,
262821,2,NO,235,,,
262901,4,NO,145,,,
262902,4,SI,16,,,
263248,4,SI,17,,,
263287,4,SI,13,,,
263368,4,SI,25,,,
263433,2,NO,278,,,
263629,4,SI,0,,,
263666,4,NO,124,,,
263667,4,SI,0,,,
263924,4,SI,30,,,
264072,1,SI,98,,,
264089,4,SI,4,,,
264131,4,SI,31,,,
264157,3,SI,16,,,
264308,4,SI,0,0,0,70
264414,4,SI,39,,,
264476,2,SI,66,,,
264530,4,NO,40,,,
264610,2,SI,66,,,
264615,3,NO,0,0,0,14
264693,3,SI,0,0,0,2
265115,3,SI,49,,,
265132,4,NO,41,,,
265173,2,SI,103,,,
265496,1,SI,61,,,
265597,4,SI,0,0,0,80
265622,4,SI,5,,,
265694,2,SI,83,,,
265731,4,SI,0,0,0,188
265895,2,SI,159,,,
265958,4,NO,56,,,
265971,3,SI,0,0,0,1
266016,4,SI,3,,,
266088,4,SI,3,,,
266168,4,SI,19,,,
266218,3,SI,0,0,0,3
266248,4,SI,35,,,
266278,4,SI,0,0,0,53
266428,4,NO,174,,,
266486,2,SI,130,,,
266499,4,SI,49,,,
266734,2,SI,132,,,
266891,2,SI,66,,,
267313,4,SI,29,,,
267349,4,NO,43,,,
267374,2,SI,69,,,
267388,4,SI,0,,,
267475,2,SI,89,,,
267488,2,SI,93,,,
267676,4,NO,49,,,
267703,4,SI,25,,,
267844,2,SI,60,,,
267933,4,SI,7,,,
268046,4,SI,0,,,
268190,2,NO,286,,,
268240,1,SI,170,,,
268269,2,SI,62,,,
268311,2,SI,75,,,
268319,4,SI,34,,,
268375,2,SI,52,,,
268414,3,SI,0,0,0,2
268709,4,NO,72,,,
268733,2,SI,54,,,
268762,2,SI,53,,,
268774,4,SI,42,,,
268841,2,NO,406,,,
269046,2,SI,81,,,
269083,1,SI,61,,,
269099,2,SI,82,,,
269125,2,NO,267,,,
269595,2,NO,353,,,
269674,4,SI,1,,,
269709,4,NO,151,,,
269719,1,NO,222,,,
269724,2,SI,151,,,
269732,3,SI,0,0,0,2
269798,4,SI,1,,,
269811,4,SI,7,,,
269942,2,NO,199,,,
270009,2,NO,199,,,
270109,2,SI,460,,,
270121,2,SI,367,,,
270174,2,NO,261,,,
270192,3,SI,6,,,
270205,2,SI,55,,,
270382,2,SI,164,,,
270393,2,SI,104,,,
270586,2,SI,344,,,
270614,2,SI,99,,,
270770,2,SI,182,,,
270906,4,NO,101,,,
270916,2,NO,206,,,
270930,4,SI,30,,,
271036,3,SI,0,0,0,2
271121,4,SI,0,,,
271216,2,SI,75,,,
271555,2,SI,81,,,
271589,2,SI,142,,,
271681,4,SI,0,,,
271770,2,SI,156,,,
271859,1,SI,191,,,
271888,4,SI,0,,,
272116,2,SI,130,,,
272143,4,NO,84,,,
272247,2,SI,77,,,
272336,2,SI,76,,,
272441,2,SI,50,,,
272616,2,SI,152,,,
272904,2,NO,231,,,
272981,2,SI,109,,,
273059,4,SI,0,,,
273178,2,NO,204,,,
273327,2,NO,216,,,
273443,4,SI,6,,,
273485,2,SI,102,,,
273540,3,SI,39,,,
273563,2,SI,57,,,
273592,3,SI,4,,,
273739,2,SI,251,,,
273818,2,SI,161,,,
273936,4,NO,133,,,
273982,2,SI,150,,,
274054,4,SI,44,,,
274116,4,SI,0,0,0,20
274236,4,NO,103,,,
274453,4,SI,3,,,
274463,4,SI,35,,,
274681,4,SI,33,,,
274691,4,NO,184,,,
274799,4,NO,173,,,
274955,4,SI,11,,,
275033,4,SI,12,,,
275038,2,SI,326,,,
275129,2,NO,201,,,
275206,3,SI,0,0,0,8
275225,4,SI,0,0,0,27
275404,4,SI,35,,,
275424,2,SI,84,,,
275882,2,SI,310,,,
276015,4,NO,83,,,
276091,2,SI,236,,,
276136,2,SI,53,,,
276291,2,SI,73,,,
276359,4,SI,4,,,
276371,3,SI,48,,,
276433,4,SI,40,,,
276470,2,SI,176,,,
276669,4,SI,15,,,
276895,2,SI,85,,,
276932,4,SI,31,,,
276959,4,SI,0,,,
276965,2,SI,80,,,
277029,3,SI,0,0,0,2
277084,4,SI,11,,,
277129,4,SI,28,,,
277192,2,NO,197,,,
277309,4,NO,189,,,
277359,4,SI,2,,,
277403,4,SI,21,,,
277514,4,SI,7,,,
277684,4,SI,17,,,
277684,2,SI,85,,,
277700,2,SI,65,,,
277908,4,SI,22,,,
277919,4,NO,108,,,
278033,4,SI,0,0,0,83
278128,2,SI,123,,,
278179,4,SI,13,,,
278187,4,NO,154,,,
278228,4,NO,181,,,
278299,2,NO,271,,,
278319,2,NO,227,,,
278554,4,NO,30,0,0,43
278814,2,SI,58,,,
278929,4,SI,9,,,
279039,4,NO,143,,,
279155,4,NO,143,,,
279164,2,SI,56,,,
279323,4,SI,40,,,
279412,4,SI,31,,,
279536,4,SI,28,,,
279713,1,SI,92,,,
279894,2,SI,71,,,
279978,2,SI,83,,,
280011,2,SI,160,,,
280170,2,SI,106,,,
280219,4,SI,7,,,
280243,4,SI,42,,,
280255,4,SI,0,,,
280292,2,SI,292,,,
280439,2,NO,398,,,
280565,2,SI,81,,,
280636,2,SI,88,,,
280712,1,SI,120,,,
280749,4,SI,29,,,
280817,2,SI,156,,,
280951,2,NO,214,,,
281122,3,NO,30,0,0,5
281249,2,SI,192,,,
281271,4,SI,10,,,
281279,2,SI,69,,,
281370,2,SI,169,,,
281394,1,NO,266,,,
281457,4,SI,33,,,
281515,4,SI,17,,,
281769,4,SI,0,0,0,190
281799,4,SI,23,,,
281811,2,SI,75,,,
281815,4,SI,10,,,
281839,2,SI,56,,,
282092,2,SI,93,,,
282181,3,SI,0,0,0,2
282197,2,SI,87,,,
282275,2,SI,66,,,
282496,2,SI,107,,,
282500,2,SI,128,,,
282557,2,SI,52,,,
282683,2,SI,57,,,
282696,2,SI,100,,,
282719,3,SI,28,,,
282762,2,SI,93,,,
282775,4,SI,20,,,
282877,2,SI,143,,,
282925,4,SI,26,,,
282980,2,SI,53,,,
283245,2,SI,131,,,
283260,3,NO,159,,,
283362,2,SI,78,,,
283363,4,SI,33,,,
283522,2,SI,102,,,
283655,2,SI,59,,,
283663,4,SI,46,,,
283691,4,SI,6,,,
283715,4,SI,6,,,
283729,4,SI,3,,,
283870,4,SI,38,,,
283991,4,SI,43,,,
283999,2,NO,312,,,
284060,1,SI,57,,,
284194,2,SI,75,,,
284316,4,SI,18,,,
284470,4,SI,1,,,
284548,4,SI,9,,,
284565,2,SI,116,,,
284781,4,SI,0,,,
284796,4,SI,26,,,
284940,4,SI,0,,,
284941,4,SI,10,,,
285117,2,SI,57,,,
285405,1,SI,212,,,
285429,4,NO,104,,,
285463,2,SI,80,,,
285467,2,SI,182,,,
285495,2,SI,96,,,
285580,2,SI,205,,,
285624,1,SI,82,,,
285913,4,SI,0,,,
285926,2,NO,454,,,
285965,2,SI,240,,,
286014,4,SI,43,,,
286055,4,NO,100,0,0,121
286097,4,SI,26,,,
286159,3,SI,0,0,0,1
286159,4,SI,3,,,
286183,2,SI,57,,,
286328,2,SI,153,,,
286462,2,SI,116,,,
286581,4,NO,50,,,
286597,4,NO,151,,,
286605,2,SI,191,,,
286607,4,SI,34,,,
286639,2,SI,142,,,
286682,3,SI,0,0,0,1
286872,3,SI,0,0,0,2
286914,2,SI,151,,,
287110,2,SI,68,,,
287121,2,NO,197,,,
287173,2,SI,99,,,
287238,4,SI,0,,,
287307,3,SI,0,0,0,4
287317,2,SI,64,,,
287330,4,SI,0,,,
287413,2,NO,195,,,
287475,4,SI,22,,,
287559,2,SI,71,,,
287572,2,NO,341,,,
287652,4,SI,18,,,
287679,2,SI,259,,,
287722,4,SI,5,,,
287736,2,SI,68,,,
287747,2,SI,85,,,
287783,4,NO,62,,,
288232,3,SI,27,,,
288291,2,SI,67,,,
288406,2,SI,61,,,
288543,2,SI,104,,,
288689,2,SI,302,,,
288689,4,SI,23,,,
288714,4,SI,35,,,
288957,2,SI,73,,,
289203,2,SI,59,,,
289417,4,SI,29,,,
289468,2,NO,220,,,
289488,2,SI,118,,,
289574,2,SI,52,,,
289790,2,SI,137,,,
289798,2,SI,56,,,
289851,1,SI,115,,,
289899,4,NO,129,,,
289937,4,SI,20,,,
289983,4,SI,41,,,
290159,4,NO,73,,,
290200,4,SI,6,,,
290214,2,SI,66,,,
290229,2,SI,191,,,
290241,3,SI,0,0,0,6
290245,4,SI,18,,,
290317,2,SI,130,,,
290404,4,NO,24,,,
290433,2,SI,120,,,
290470,4,SI,0,0,0,12
290505,4,SI,10,,,
290710,2,SI,72,,,
290871,2,NO,257,,,
290874,4,NO,167,,,
290874,4,SI,38,,,
291197,2,SI,67,,,
291223,2,SI,71,,,
291247,4,SI,2,,,
291377,4,NO,147,,,
291430,2,SI,180,,,
291461,4,SI,26,,,
291492,4,SI,4,,,
291535,4,SI,12,,,
291660,2,NO,328,,,
291769,2,SI,146,,,
291817,4,SI,0,0,5,
291925,2,NO,218,,,
292156,2,SI,58,,,
292212,4,SI,0,0,0,125
292469,2,SI,81,,,
292567,4,SI,0,0,0,85
292670,4,SI,24,,,
292902,4,SI,44,,,
292978,4,SI,43,,,
293012,4,SI,0,,,
293033,4,SI,40,,,
293051,2,NO,536,,,
293135,4,SI,21,,,
293283,2,SI,63,,,
293302,2,NO,240,,,
293388,4,NO,146,,,
293536,4,SI,12,,,
293623,2,SI,65,,,
293732,2,SI,85,,,
293830,4,SI,1,,,
293852,4,SI,13,,,
293980,4,SI,34,,,
294205,3,NO,0,0,0,3
294278,4,SI,3,,,
294322,2,SI,189,,,
294607,2,SI,54,,,
294799,2,SI,121,,,
294828,4,SI,9,,,
294869,4,SI,23,,,
294875,2,SI,103,,,
294878,4,SI,7,,,
294975,2,NO,232,,,
295134,2,SI,242,,,
295144,4,NO,180,,,
295200,4,SI,24,,,
295288,2,SI,94,,,
295322,4,NO,116,,,
295345,4,NO,154,,,
295401,4,SI,30,,,
295456,2,SI,89,,,
295465,4,SI,30,,,
295628,3,NO,181,,,
295738,4,SI,37,,,
295741,2,SI,110,,,
295849,4,NO,174,,,
295863,2,SI,142,,,
295996,4,SI,9,,,
296216,4,SI,17,,,
296300,4,SI,0,,,
296438,4,SI,16,,,
296587,2,SI,56,,,
296671,2,SI,84,,,
296721,2,SI,233,,,
296908,4,SI,1,,,
296922,2,SI,84,,,
296991,2,SI,59,,,
297030,1,SI,86,,,
297134,2,SI,81,,,
297222,2,NO,333,,,
297268,2,SI,133,,,
297300,4,SI,0,,,
297368,2,NO,260,,,
297437,2,SI,70,,,
297515,2,SI,114,,,
297539,2,SI,80,,,
297585,2,SI,55,,,
297604,3,SI,0,0,0,1
297691,2,SI,83,,,
297751,2,SI,110,,,
297812,4,SI,5,,,
297846,4,SI,17,,,
297859,4,SI,5,,,
297871,2,SI,393,,,
298109,4,SI,18,,,
298194,4,SI,44,,,
298224,4,SI,18,,,
298277,2,SI,63,,,
298319,2,SI,62,,,
298325,2,SI,55,,,
298475,3,SI,0,0,0,1
298490,4,SI,23,,,
298524,4,NO,182,,,
298583,3,SI,15,,,
298832,4,SI,0,0,0,30
299002,4,SI,15,,,
299119,4,SI,23,,,
299381,4,SI,0,,,
299410,4,NO,94,,,
299489,2,SI,163,,,
299584,2,NO,211,,,
299602,2,SI,221,,,
299644,2,SI,67,,,
299784,2,NO,426,,,
299808,4,SI,1,,,
299997,3,SI,0,0,0,2
300049,2,SI,60,,,
300092,4,SI,3,,,
300178,1,SI,50,,,
300255,4,SI,38,,,
300323,4,SI,18,,,
300417,4,SI,21,,,
300509,2,SI,50,,,
300710,4,NO,157,,,
301057,4,SI,0,0,0,29
301088,2,SI,209,,,
301112,2,NO,243,,,
301160,2,SI,73,,,
301192,2,SI,60,,,
301210,2,NO,222,,,
301220,2,SI,59,,,
301265,4,SI,40,,,
301353,2,SI,95,,,
301357,4,SI,32,,,
301489,2,NO,196,,,
301504,2,SI,106,,,
301541,4,NO,107,,,
301752,4,SI,22,,,
301777,2,SI,58,,,
301860,2,NO,196,,,
301899,2,SI,136,,,
301953,2,SI,188,,,
301997,4,NO,79,,,
302164,4,SI,26,,,
302248,2,SI,99,,,
302507,3,SI,0,0,0,1
302659,2,NO,264,,,
302921,2,SI,110,,,
302940,4,SI,7,,,
302949,4,SI,33,,,
303059,2,SI,89,,,
303190,4,SI,0,0,0,144
303195,2,NO,214,,,
303269,2,SI,86,,,
303520,4,SI,1,,,
303615,2,NO,746,,,
303663,2,SI,98,,,
303872,4,SI,17,,,
303913,3,NO,110,92,,
303949,4,SI,0,0,0,43
304263,4,NO,185,,,
304314,4,SI,7,,,
304456,2,SI,213,,,
304708,4,SI,4,,,
304722,3,NO,115,,,
304759,2,SI,90,,,
304898,4,SI,19,,,
304996,4,SI,5,,,
305237,1,SI,69,,,
305409,2,SI,241,,,
305631,2,SI,221,,,
305763,4,NO,30,0,0,118
305829,4,SI,22,,,
306277,4,SI,0,0,0,114
306871,4,SI,39,,,
306909,2,SI,69,,,
307225,4,SI,0,0,0,107
307242,1,SI,57,,,
307322,2,SI,58,,,
307357,2,NO,252,,,
307479,2,SI,60,,,
307575,4,NO,117,,,
307623,2,SI,195,,,
307901,2,SI,125,,,
307938,4,SI,11,,,
307942,4,SI,6,,,
308017,4,NO,145,,,
308018,2,SI,58,,,
308077,2,SI,186,,,
308117,4,NO,135,,,
308179,2,SI,148,,,
308306,4,SI,10,,,
308371,4,SI,14,,,
308385,2,SI,325,,,
308388,4,NO,84,,,
308529,2,SI,82,,,
308617,4,NO,154,,,
308617,4,SI,6,,,
308806,2,SI,74,,,
308819,2,SI,77,,,
308836,4,SI,10,,,
308911,4,NO,165,,,
308936,4,SI,22,,,
308940,4,NO,169,,,
309041,4,SI,0,,,
309117,4,SI,5,,,
309121,3,SI,23,,,
309228,2,SI,69,,,
309232,4,SI,0,0,0,15
309256,4,SI,17,,,
309416,4,SI,31,,,
309503,4,NO,182,,,
309529,2,SI,352,,,
309607,4,NO,164,,,
309642,4,SI,17,,,
309910,3,SI,0,0,0,10
309942,2,SI,53,,,
310009,4,SI,30,,,
310151,2,NO,233,,,
310175,4,SI,0,0,0,100
310180,4,NO,44,,,
310271,4,SI,0,0,0,93
310393,4,SI,7,,,
310449,4,SI,12,,,
310610,2,SI,75,,,
310706,4,SI,14,,,
310745,4,SI,5,,,
310821,4,SI,18,,,
310896,2,SI,192,,,
310897,4,NO,86,,,
311142,4,SI,2,,,
311312,4,SI,30,,,
311374,2,SI,75,,,
311412,4,SI,12,,,
311491,3,SI,0,0,0,3
311655,2,SI,72,,,
311981,1,SI,153,,,
312229,2,SI,128,,,
312392,2,SI,103,,,
312408,4,SI,0,0,0,148
312416,4,SI,7,,,
312447,2,SI,78,,,
312565,4,SI,14,,,
312646,3,SI,23,,,
312651,4,NO,155,,,
312682,2,SI,184,,,
313115,1,SI,300,,,
313245,4,SI,17,,,
313313,4,SI,8,,,
313395,4,SI,13,,,
313501,4,SI,5,,,
313511,4,SI,14,,,
313581,4,SI,32,,,
313602,4,SI,0,0,0,87
313692,4,SI,13,,,
313765,2,SI,116,,,
313767,3,SI,0,,,
313835,4,SI,15,,,
313863,2,SI,173,,,
314108,4,SI,6,,,
314181,2,SI,226,,,
314238,3,NO,108,,,
314315,4,SI,3,,,
314369,2,SI,74,,,
314407,2,SI,81,,,
314409,2,SI,128,,,
314473,4,SI,30,,,
314476,2,SI,55,,,
314534,4,SI,39,,,
314543,2,SI,90,,,
314556,4,NO,124,,,
314690,4,SI,2,,,
314731,2,SI,91,,,
314952,4,SI,0,0,0,130
314980,2,SI,221,,,
315017,2,SI,121,,,
315065,4,SI,29,,,
315114,2,SI,64,,,
315155,4,SI,0,,,
315164,2,SI,53,,,
315212,2,NO,345,,,
315264,2,SI,195,,,
315280,4,SI,28,,,
315339,4,NO,6,,,
315575,4,NO,111,,,
315613,4,SI,9,,,
315692,2,NO,200,,,
315700,2,SI,131,,,
315703,2,SI,60,,,
315784,4,SI,0,,,
315805,2,SI,149,,,
315832,4,SI,16,,,
315935,4,SI,30,,,
316044,3,SI,43,,,
316121,2,SI,120,,,
316153,1,SI,104,,,
316256,2,SI,102,,,
316365,4,SI,1,,,
316372,2,SI,67,,,
316380,4,SI,10,,,
316492,4,SI,47,,,
316495,4,NO,109,,,
316919,2,SI,148,,,
316924,2,SI,416,,,
316934,4,SI,14,,,
316958,1,SI,67,,,
317020,4,NO,123,,,
317067,4,SI,41,,,
317084,4,SI,14,,,
317291,2,SI,117,,,
317426,2,NO,278,,,
317472,4,SI,0,,,
317546,4,SI,0,0,0,127
317552,2,SI,178,,,
317733,4,SI,13,,,
317793,4,NO,168,,,
318155,4,SI,0,,,
318190,2,SI,74,,,
318317,4,NO,166,,,
318357,2,SI,71,,,
318376,4,SI,7,,,
318796,2,SI,80,,,
318853,4,NO,119,,,
318967,4,NO,118,,,
319039,4,SI,44,,,
319105,2,SI,135,,,
319155,4,SI,0,0,0,87
319369,2,SI,107,,,
319376,4,SI,11,,,
319440,4,SI,29,,,
319494,2,NO,211,,,
319533,3,SI,0,0,0,2
319652,4,SI,4,,,
319730,3,SI,0,0,0,3
319846,2,SI,119,,,
319930,3,SI,0,0,0,4
319956,2,SI,76,,,
320123,4,SI,34,,,
320298,2,SI,66,,,
320313,2,SI,153,,,
320326,2,NO,290,,,
320451,4,NO,101,,,
320702,2,SI,197,,,
320707,2,NO,337,,,
320721,2,NO,431,,,
320817,4,SI,13,,,
320947,3,SI,0,0,0,2
321242,3,SI,17,,,
321257,1,SI,77,,,
321303,3,SI,0,,,
321561,2,NO,210,,,
321702,2,SI,328,,,
321755,3,SI,15,,,
321884,2,SI,123,,,
321968,4,SI,15,,,
322058,4,SI,33,,,
322094,4,NO,85,,,
322113,3,SI,39,,,
322253,2,SI,92,,,
322617,4,NO,177,,,
322670,4,SI,11,,,
322963,4,SI,1,,,
323095,4,SI,31,,,
323157,2,SI,91,,,
323236,2,NO,274,,,
323245,2,SI,184,,,
323320,4,SI,10,,,
323379,4,NO,178,,,
323416,2,SI,72,,,
323578,4,SI,14,,,
323730,2,NO,229,,,
323825,4,SI,2,,,
323842,4,SI,0,0,0,147
323876,4,SI,38,,,
323966,4,SI,9,,,
324180,4,SI,0,0,0,45
324596,4,SI,43,,,
324879,2,SI,95,,,
324920,4,SI,25,,,
324942,2,SI,124,,,
324956,4,SI,45,,,
325217,4,SI,0,,,
325301,2,SI,195,,,
325433,2,NO,224,,,
325449,4,SI,31,,,
325706,2,SI,53,,,
325888,4,NO,137,,,
325984,2,SI,50,,,
326006,4,SI,16,,,
326173,2,SI,65,,,
326199,1,SI,59,,,
326297,4,SI,0,0,0,14
326319,3,SI,7,,,
326567,2,SI,114,,,
326580,2,SI,136,,,
326763,4,SI,15,,,
326956,1,NO,296,,,
327004,4,SI,37,,,
327174,2,SI,332,,,
327213,2,SI,64,,,
327258,4,SI,47,,,
327287,4,NO,156,,,
327335,2,NO,208,,,
327486,2,SI,329,,,
327661,4,SI,1,,,
327683,2,SI,67,,,
327944,4,NO,119,,,
327969,4,SI,2,,,
327993,4,SI,0,,,
328015,2,SI,80,,,
328078,4,SI,0,0,0,
328117,2,SI,82,,,
328195,2,SI,77,,,
328264,4,NO,142,,,
328385,4,SI,5,,,
328447,4,NO,150,,,
328700,2,SI,99,,,
328822,1,SI,96,,,
328848,4,SI,13,,,
329066,4,SI,0,,,
329099,2,SI,112,,,
329121,3,SI,9,,,
329147,4,NO,173,,,
329206,4,SI,0,,,
329230,4,NO,138,,,
329271,2,SI,71,,,
329315,2,SI,71,,,
329345,3,SI,0,0,0,2
329442,4,SI,26,,,
329455,4,SI,0,,,
329456,2,SI,96,,,
329474,4,SI,0,0,0,29
329518,4,NO,154,,,
329846,4,SI,0,0,0,136
329851,4,SI,0,,,
329863,4,NO,141,,,
329880,2,SI,222,,,
329900,3,SI,0,,,
330051,2,NO,201,,,
330100,2,SI,80,,,
330223,2,SI,110,,,
330362,4,SI,19,,,
330408,4,SI,34,,,
330419,2,SI,84,,,
330459,4,NO,176,,,
330485,4,NO,78,,,
330551,3,SI,0,0,0,1
330558,4,SI,1,,,
330693,4,SI,0,0,0,51
330804,1,SI,69,,,
331210,2,SI,219,,,
331240,4,SI,2,,,
331280,2,SI,54,,,
331309,2,SI,62,,,
331348,4,SI,6,,,
331468,4,SI,30,,,
331534,2,NO,287,,,
331864,4,NO,157,,,
331897,2,SI,104,,,
331933,2,SI,124,,,
331966,2,SI,67,,,
332015,2,SI,64,,,
332129,4,SI,49,,,
332270,4,SI,0,0,0,1
332438,4,SI,4,,,
332501,4,SI,0,0,0,84
332576,4,NO,124,,,
332661,4,NO,151,,,
332761,4,NO,116,,,
332822,2,NO,262,,,
332977,3,SI,0,0,0,3
333036,4,SI,27,,,
333043,2,SI,174,,,
333279,3,NO,21,,,
333285,2,SI,241,,,
333318,1,SI,103,,,
333324,4,NO,116,,,
333548,4,SI,16,,,
333566,4,SI,0,0,0,105
333631,4,NO,183,,,
333693,2,SI,63,,,
333837,4,NO,152,,,
333935,4,SI,9,,,
334046,2,SI,77,,,
334262,3,SI,0,0,0,2
334265,4,SI,0,,,
334486,2,SI,100,,,
334627,4,SI,0,,,
334633,4,SI,23,,,
334707,4,NO,132,,,
334820,4,SI,29,,,
334890,2,SI,337,,,
334950,2,SI,88,,,
335021,2,NO,225,,,
335066,2,SI,71,,,
335091,1,SI,82,,,
335426,4,SI,44,,,
335434,4,SI,21,,,
335477,4,NO,148,,,
335929,3,NO,127,,,
335987,2,SI,77,,,
336039,4,SI,34,,,
336132,4,SI,0,0,0,38
336496,4,SI,40,,,
336624,2,SI,184,,,
336742,4,SI,1,,,
336868,4,SI,0,,,
336911,1,SI,204,,,
336947,2,NO,235,,,
337051,2,SI,63,,,
337347,4,SI,27,,,
337347,3,SI,0,0,0,3
337632,1,SI,103,,,
337671,3,SI,35,,,
337724,2,SI,81,,,
337921,2,SI,66,,,
338035,2,NO,1543,,,
338310,1,SI,66,,,
338470,2,SI,386,,,
338943,2,SI,74,,,
338983,3,SI,0,0,0,2
339025,4,SI,1,,,
339027,4,SI,1,,,
339052,4,NO,165,,,
339097,4,SI,25,,,
339145,2,SI,214,,,
339282,4,SI,5,,,
339294,4,SI,39,,,
339549,4,SI,3,,,
339572,2,SI,103,,,
339576,2,SI,108,,,
339618,4,SI,16,,,
339708,2,SI,202,,,
339729,2,SI,90,,,
339759,4,SI,19,,,
339930,4,NO,119,,,
339994,4,SI,49,,,
340029,2,SI,86,,,
340048,1,SI,53,,,
340203,4,SI,41,,,
340259,4,SI,3,,,
340369,2,SI,87,,,
340475,3,SI,16,,,
340627,2,SI,75,,,
340728,2,NO,245,,,
340968,4,SI,33,,,
341202,2,SI,138,,,
341295,2,SI,418,,,
341336,1,SI,65,,,
341620,4,SI,8,,,
341641,2,SI,81,,,
342023,2,SI,133,,,
342030,4,NO,58,,,
342047,4,SI,34,,,
342198,2,SI,55,,,
342256,2,SI,51,,,
342344,3,SI,0,0,0,1
342628,2,SI,366,,,
342710,2,SI,202,,,
342753,4,SI,30,,,
342841,3,SI,42,,,
342870,2,SI,860,,,
342895,4,SI,4,,,
343018,2,SI,63,,,
343019,2,SI,101,,,
343122,4,NO,115,,,
343340,4,SI,16,,,
343415,4,NO,120,,,
343451,3,SI,45,,,
343467,3,SI,46,,,
343475,2,SI,114,,,
343792,2,SI,75,,,
344068,2,SI,104,,,
344092,3,SI,0,0,0,2
344275,4,SI,31,,,
344308,4,SI,16,,,
344424,2,SI,238,,,
344556,3,SI,0,0,0,2
344610,4,SI,29,,,
344631,4,SI,27,,,
344637,4,SI,0,,,
344662,4,SI,7,,,
344729,4,SI,28,,,
344769,4,NO,166,,,
344775,3,SI,19,,,
344861,4,SI,0,,,
344867,3,SI,0,0,0,1
344884,2,SI,102,,,
344927,2,SI,174,,,
345067,1,SI,266,,,
345109,3,SI,0,0,0,1
345177,3,SI,0,0,0,2
345276,2,SI,144,,,
345315,4,NO,136,,,
345323,4,SI,0,0,0,156
345835,3,SI,0,0,0,3
345889,2,SI,106,,,
346030,2,NO,534,,,
346101,2,SI,155,,,
346267,4,NO,129,,,
346286,4,SI,34,,,
346313,4,SI,21,,,
346327,3,SI,0,0,0,1
346338,2,SI,65,,,
346354,3,SI,0,,,
346375,2,SI,169,,,
346398,4,SI,0,0,0,12
346596,4,NO,182,,,
346615,2,SI,85,,,
346650,4,SI,42,,,
346768,3,SI,0,0,0,4
346787,2,SI,98,,,
346805,2,SI,202,,,
346922,4,SI,24,,,
346939,4,SI,6,,,
347109,4,SI,23,,,
347376,4,NO,147,,,
347413,3,SI,25,,,
347592,4,SI,2,,,
347684,4,SI,26,,,
347736,4,NO,124,,,
347873,2,SI,426,,,
347922,2,SI,62,,,
347965,4,NO,85,,,
347972,4,SI,39,,,
348132,4,SI,46,,,
348146,4,SI,5,0,0,80
348232,2,SI,81,,,
348311,4,SI,28,,,
348420,2,SI,144,,,
348493,2,SI,169,,,
348527,4,SI,44,,,
348530,4,SI,10,,,
348545,1,SI,206,,,
348550,2,SI,180,,,
348642,4,SI,10,,,
348657,4,SI,0,,,
348709,2,SI,132,,,
348736,4,SI,22,,,
348774,3,SI,24,,,
348895,2,SI,207,,,
348911,2,SI,307,,,
349052,4,SI,0,0,0,90
349178,2,SI,85,,,
349220,2,NO,190,,,
349242,3,SI,32,,,
349284,4,SI,37,,,
349367,4,SI,30,,,
349382,3,SI,0,0,0,7
349389,2,SI,177,,,
349435,2,SI,115,,,
349437,4,SI,12,,,
349438,4,SI,0,0,0,38
349524,2,SI,118,,,
349725,4,SI,7,,,
349769,4,SI,27,,,
349908,3,SI,24,,,
349928,2,SI,103,,,
349941,4,SI,3,,,
350077,4,NO,107,,,
350117,2,SI,170,,,
350169,2,SI,65,,,
350219,4,SI,40,,,
350321,4,SI,11,,,
350360,4,SI,32,,,
350368,2,SI,62,,,
350371,2,SI,78,,,
350372,2,NO,465,,,
350400,4,SI,0,,,
350433,2,SI,248,,,
350434,4,NO,92,,,
350439,2,SI,140,,,
350461,2,SI,231,,,
350472,2,SI,51,,,
350547,4,SI,19,,,
350556,4,SI,4,,,
350806,2,NO,306,,,
350859,4,SI,39,,,
351014,2,SI,62,,,
351016,4,SI,5,,,
351072,2,SI,63,,,
351179,4,SI,14,,,
351283,2,NO,203,,,
351314,2,NO,279,,,
351522,3,SI,0,0,0,1
351664,4,SI,0,0,0,128
351733,3,SI,5,,,
352026,4,NO,116,,,
352068,1,SI,50,,,
352253,4,SI,8,,,
352292,3,SI,0,0,0,2
352308,4,NO,162,,,
352366,3,SI,0,0,0,1
352421,2,NO,304,,,
352478,2,SI,174,,,
352523,4,SI,48,,,
352529,4,NO,114,,,
352771,4,SI,7,,,
352872,4,SI,28,,,
353061,4,SI,32,,,
353080,2,SI,50,,,
353135,2,SI,85,,,
353309,2,SI,56,,,
353432,2,SI,118,,,
353470,4,NO,30,0,0,89
353534,3,NO,172,,,
353540,2,SI,59,,,
353761,4,SI,41,,,
353775,3,NO,75,,,
353853,4,SI,0,,,
353989,2,SI,134,,,
353998,2,SI,52,,,
354050,3,SI,0,,,
354345,2,SI,75,,,
354528,3,SI,0,0,0,3
354634,4,SI,46,,,
354670,3,SI,0,0,0,3
354868,2,SI,107,,,
354973,3,SI,0,0,0,2
355008,4,SI,2,,,
355019,2,SI,467,,,
355193,2,SI,92,,,
355237,4,SI,0,0,0,33
355310,2,SI,78,,,
355568,4,SI,29,,,
355608,4,SI,3,,,
355616,2,SI,153,,,
355629,2,SI,75,,,
355710,4,NO,168,,,
355934,4,NO,61,,,
356018,3,SI,2,,,
356063,4,SI,20,,,
356097,4,SI,46,,,
356182,4,SI,48,,,
356185,4,SI,0,,,
356241,4,SI,41,,,
356298,4,SI,45,,,
356412,4,SI,0,,,
356497,4,NO,151,,,
356772,4,SI,5,,,
356942,4,SI,0,0,0,162
356953,3,SI,0,0,0,2
357002,3,NO,0,0,0,1
357085,2,SI,113,,,
357164,4,NO,122,,,
357185,2,NO,227,,,
357505,4,SI,22,,,
357642,2,SI,373,,,
357645,4,SI,22,,,
357688,2,SI,125,,,
357819,4,NO,142,,,
357857,4,SI,47,,,
357868,4,NO,170,,,
357878,4,SI,13,,,
358005,2,SI,125,,,
358023,4,NO,108,,,
358042,2,SI,315,,,
358145,4,SI,25,,,
358322,2,SI,109,,,
358380,4,SI,12,,,
358414,4,SI,18,,,
358476,2,SI,108,,,
358487,2,SI,78,,,
358512,4,SI,43,,,
358675,2,SI,55,,,
358931,2,SI,77,,,
359055,2,SI,260,,,
359368,2,SI,70,,,
359381,4,SI,0,0,0,74
359543,4,NO,98,,,
359583,2,SI,131,,,
359625,4,SI,9,,,
359684,4,NO,187,,,
359723,4,NO,112,,,
359839,2,SI,190,,,
359952,4,SI,0,,,
359959,3,SI,9,,,
360031,2,NO,247,,,
360085,2,SI,55,,,
360148,1,SI,268,,,
360171,4,SI,5,,,
360288,4,SI,34,,,
360371,2,SI,62,,,
360374,4,SI,3,,,
360447,2,SI,142,,,
360512,4,NO,134,,,
360758,2,SI,50,,,
361012,3,SI,48,,,
361176,2,SI,123,,,
361412,4,NO,86,,,
361419,3,SI,28,,,
361484,4,SI,21,,,
361615,4,SI,18,,,
361689,4,SI,18,,,
361756,2,SI,160,,,
361775,2,SI,117,,,
361837,2,NO,190,,,
361913,4,SI,16,,,
362092,4,NO,146,,,
362136,2,SI,74,,,
362280,4,SI,5,,,
362303,4,SI,0,0,0,187
362377,4,SI,22,,,
362387,2,SI,109,,,
362564,4,SI,17,,,
362573,1,SI,266,,,
362576,1,SI,130,,,
362892,2,SI,124,,,
362949,4,NO,117,,,
362987,4,SI,18,,,
362993,3,SI,0,0,0,2
363035,4,SI,7,,,
363037,4,SI,45,,,
363169,4,SI,13,,,
363180,4,SI,7,,,
363213,3,SI,0,0,0,2
363245,2,NO,635,,,
363257,3,SI,46,,,
363259,4,SI,6,,,
363263,4,SI,18,,,
363278,2,SI,224,,,
363289,4,SI,0,,,
363300,2,NO,220,,,
363326,4,SI,14,,,
363403,2,SI,102,,,
363553,4,SI,31,,,
363569,4,SI,15,,,
363579,2,SI,66,,,
363634,4,SI,9,,,
363960,1,SI,82,,,
364004,4,NO,125,,,
364087,2,SI,83,,,
364136,2,SI,65,,,
364223,2,SI,51,,,
364225,4,SI,46,,,
364245,1,SI,118,,,
364402,2,SI,137,,,
364490,4,SI,0,0,0,134
364505,4,SI,27,,,
364605,4,SI,23,,,
364823,2,SI,103,,,
364826,4,NO,161,,,
364836,4,SI,38,,,
364897,4,NO,81,,,
364908,2,SI,64,,,
365204,4,NO,162,,,
365301,2,SI,132,,,
365333,4,SI,39,,,
365335,2,SI,148,,,
365400,4,SI,8,,,
365475,2,SI,126,,,
365497,2,SI,53,,,
365548,4,SI,11,,,
365942,3,SI,3,,,
366007,2,NO,265,,,
366207,2,SI,117,,,
366266,4,SI,0,,,
366285,4,SI,9,,,
366330,4,SI,15,,,
366487,2,SI,133,,,
366651,3,SI,0,0,0,8
366697,2,SI,128,,,
366742,2,SI,79,,,
366771,2,SI,79,,,
366773,2,SI,149,,,
366989,4,NO,86,,,
367108,2,SI,131,,,
367251,4,NO,167,,,
367352,4,SI,0,,,
367438,2,SI,184,,,
367455,4,SI,47,,,
367499,4,SI,41,,,
367528,2,NO,401,,,
367548,4,SI,28,,,
367572,4,SI,0,0,1,
368017,1,SI,256,,,
368021,2,SI,68,,,
368063,4,SI,17,,,
368114,4,SI,13,,,
368223,4,SI,41,,,
368281,2,SI,262,,,
368367,4,SI,30,,,
368379,4,SI,25,,,
368416,4,SI,0,0,0,35
368468,2,NO,236,,,
368477,4,SI,10,,,
368558,4,SI,24,,,
368809,2,SI,73,,,
368961,4,SI,14,,,
368981,2,SI,350,,,
369141,3,SI,0,0,0,10
369155,2,NO,240,,,
369349,2,SI,95,,,
369402,4,SI,24,,,
369723,2,SI,66,,,
369886,2,SI,152,,,
369978,4,SI,23,,,
370005,4,SI,2,,,
370066,3,SI,0,0,0,1
370075,1,SI,54,,,
370119,4,SI,0,0,0,18
370124,4,SI,2,,,
370174,3,SI,0,0,0,2
370300,4,SI,15,,,
370315,4,NO,156,,,
370329,2,NO,196,,,
370473,4,SI,0,,,
370668,2,SI,76,,,
370700,4,NO,175,,,
370712,2,SI,87,,,
370795,2,SI,62,,,
370820,4,SI,47,,,
370906,4,SI,28,,,
370927,1,SI,52,,,
370937,4,SI,0,0,0,135
371014,4,SI,44,,,
371114,4,SI,20,,,
371253,3,SI,0,0,0,1
371279,2,SI,77,,,
371290,2,SI,85,,,
371399,2,SI,125,,,
371445,4,SI,0,0,0,37
371454,4,NO,138,,,
371566,2,SI,67,,,
371639,4,SI,41,,,
371640,3,SI,3,,,
371827,4,SI,1,,,
371836,4,SI,13,,,
372059,4,SI,5,,,
372164,4,SI,39,,,
372203,4,SI,0,0,0,35
372207,4,SI,28,,,
372272,4,NO,145,,,
372380,2,SI,59,,,
372470,4,SI,37,,,
372773,4,SI,32,,,
372867,2,SI,67,,,
372992,4,SI,3,,,
373162,2,SI,103,,,
373277,4,SI,24,,,
373290,1,SI,88,,,
373290,2,SI,181,,,
373381,2,NO,314,,,
373394,2,SI,70,,,
373577,3,SI,0,0,0,7
373688,4,SI,1,,,
373789,4,SI,11,,,
373970,2,SI,108,,,
374106,3,SI,0,0,0,2
374217,4,SI,16,,,
374237,2,SI,126,,,
374241,2,SI,187,,,
374246,4,SI,0,,,
374251,4,NO,44,,,
374282,4,NO,156,,,
374444,2,SI,67,,,
374480,1,SI,164,,,
374483,2,SI,136,,,
374743,2,SI,115,,,
374791,2,SI,95,,,
374795,4,NO,49,,,
374873,2,NO,234,,,
374885,4,NO,10,,,
374908,3,SI,13,,,
375001,4,SI,14,,,
375071,4,SI,5,,,
375096,3,SI,0,0,0,26
375197,4,SI,0,0,0,58
375205,2,SI,78,,,
375248,4,SI,24,,,
375274,4,NO,175,,,
375276,2,SI,57,,,
375433,1,SI,176,,,
375455,4,NO,163,,,
375459,4,NO,32,,,
375485,2,SI,68,,,
375499,2,SI,81,,,
375559,3,SI,0,0,0,2
375683,2,SI,88,,,
375705,2,SI,145,,,
375720,2,SI,69,,,
375823,4,SI,14,,,
375941,2,SI,79,,,
375956,4,SI,8,,,
376006,4,NO,163,,,
376123,2,SI,227,,,
376354,2,SI,70,,,
376709,2,NO,314,,,
376710,2,SI,118,,,
376722,4,SI,4,,,
377074,3,NO,4,,,
377114,4,SI,38,,,
377162,4,SI,0,,,
377420,2,SI,115,,,
377421,4,SI,6,,,
377506,2,SI,79,,,
377754,2,SI,131,,,
377813,2,SI,156,,,
377862,4,NO,98,,,
377879,2,SI,86,,,
378000,1,SI,210,,,
378106,2,SI,148,,,
378311,4,NO,128,,,
378392,2,SI,123,,,
378448,4,NO,156,,,
378474,1,SI,76,,,
378486,4,NO,181,,,
378558,3,SI,41,,,
378635,2,SI,111,,,
378718,4,NO,39,,,
378768,2,SI,256,,,
378910,4,SI,10,,,
379085,2,SI,123,,,
379124,2,SI,187,,,
379197,2,SI,52,,,
379231,2,SI,91,,,
379456,2,SI,141,,,
379529,3,SI,0,0,0,3
379609,4,SI,47,,,
379689,2,SI,132,,,
379750,4,SI,49,,,
379896,2,SI,111,,,
379957,2,SI,99,,,
380174,4,SI,1,,,
380216,2,SI,72,,,
380338,4,SI,5,,,
380405,4,NO,189,,,
380457,3,NO,78,,,
380571,4,SI,0,,,
380588,2,SI,55,,,
380607,2,SI,69,,,
380889,3,SI,0,0,0,2
380992,4,SI,38,,,
381041,2,SI,129,,,
381056,2,SI,77,,,
381346,4,SI,47,,,
381430,2,SI,54,,,
381445,4,NO,143,,,
381472,2,SI,110,,,
381650,4,SI,28,,,
381659,2,SI,115,,,
381729,2,SI,65,,,
381918,4,SI,41,,,
381962,4,SI,3,,,
381966,2,SI,141,,,
382038,4,SI,1,,,
382057,4,SI,16,,,
382427,3,SI,0,0,0,3
382466,4,SI,0,0,0,22
382527,2,SI,119,,,
382613,2,SI,131,,,
382713,4,SI,42,,,
382838,4,SI,46,,,
383000,2,SI,50,,,
383100,2,SI,120,,,
383150,2,SI,52,,,
383162,2,SI,99,,,
383178,4,SI,37,,,
383528,2,SI,224,,,
383611,4,SI,15,,,
383655,2,SI,85,,,
383723,4,SI,0,,,
383746,4,SI,37,,,
383872,1,SI,60,,,
384063,3,SI,2,,,
384183,3,SI,0,0,0,1
384260,2,SI,108,,,
384349,4,SI,0,,,
384426,4,SI,8,,,
384467,2,SI,87,,,
384473,2,SI,69,,,
384507,4,SI,0,0,,
384760,2,SI,56,,,
384818,4,NO,175,,,
385101,2,SI,115,,,
385151,2,SI,91,,,
385170,4,SI,38,,,
385239,2,SI,56,,,
385246,4,SI,23,,,
385276,4,SI,43,,,
385371,4,SI,9,,,
385542,4,SI,35,,,
385561,3,SI,0,0,0,4
385626,4,NO,168,,,
385665,3,SI,8,,,
385774,4,SI,30,,,
385790,2,SI,54,,,
386000,4,NO,163,,,
386172,2,SI,108,,,
386192,3,NO,1,0,0,14
386230,4,SI,1,,,
386267,4,SI,0,0,0,83
386294,4,NO,161,,,
386428,2,SI,206,,,
386462,4,SI,4,,,
386482,4,SI,20,,,
386533,2,NO,280,,,
386574,2,SI,80,,,
386677,4,SI,12,,,
386678,2,SI,86,,,
386712,2,SI,60,,,
386874,3,SI,1,,,
387009,4,SI,13,,,
387161,2,SI,59,,,
387182,2,SI,159,,,
387189,4,SI,1,,,
387221,4,SI,19,,,
387223,2,NO,250,,,
387338,4,NO,169,,,
387339,3,SI,28,,,
387367,4,SI,0,,,
387409,2,NO,234,,,
387464,4,SI,13,,,
387629,4,SI,7,,,
387680,4,SI,19,,,
387714,2,SI,263,,,
387715,2,SI,105,,,
387723,2,SI,156,,,
387762,4,SI,17,,,
387821,2,SI,100,,,
387844,4,SI,49,,,
387976,4,SI,45,,,
388039,4,SI,14,,,
388073,2,NO,221,,,
388152,2,NO,284,,,
388289,4,SI,24,,,
388329,2,SI,68,,,
388487,4,SI,19,,,
388576,4,SI,19,,,
388625,4,SI,6,,,
388631,2,SI,83,,,
388893,2,SI,50,,,
389143,4,SI,40,,,
389214,4,SI,13,,,
389315,4,SI,15,,,
389319,2,NO,224,,,
389336,4,SI,47,,,
389353,2,SI,187,,,
389371,4,SI,21,,,
389415,2,SI,65,,,
389513,2,SI,57,,,
389602,2,SI,79,,,
389867,4,SI,0,,,
390007,4,SI,0,,,
390164,4,NO,169,,,
390225,4,NO,115,,,
390244,3,NO,186,,,
390287,4,SI,5,,,
390323,3,SI,0,,,
390337,4,SI,6,,,
390358,2,SI,150,,,
390380,2,SI,175,,,
390827,2,SI,137,,,
390882,4,SI,34,,,
390915,2,NO,227,,,
390917,4,SI,34,,,
390945,2,SI,204,,,
391053,4,SI,1,,,
391328,2,SI,73,,,
391328,4,SI,32,,,
391648,1,NO,197,,,
391819,3,SI,0,0,0,2
391836,3,SI,0,0,0,2
391958,4,SI,4,,,
392043,2,NO,214,,,
392073,4,SI,20,,,
392301,4,SI,6,,,
392512,4,NO,157,,,
392626,4,SI,46,,,
392893,2,SI,61,,,
392905,4,SI,11,,,
393230,2,SI,232,,,
393373,2,NO,245,,,
393468,4,SI,0,0,0,92
393484,2,SI,173,,,
393581,4,SI,35,,,
393603,3,SI,0,,,
393611,4,NO,179,,,
393847,2,SI,127,,,
393901,2,SI,114,,,
394172,4,SI,13,,,
394279,4,SI,10,,,
394326,4,SI,5,,,
394344,2,SI,100,,,
394529,2,SI,224,,,
394537,4,SI,1,,,
394579,2,NO,889,,,
394772,3,SI,0,0,0,2
395205,2,SI,147,,,
395221,4,SI,12,,,
395239,3,SI,0,0,0,5
395253,2,NO,205,,,
395257,4,NO,114,,,
395262,2,SI,71,,,
395417,4,SI,8,,,
395428,3,SI,0,0,0,2
395476,2,SI,100,,,
395478,2,SI,61,,,
395511,1,NO,219,,,
395573,4,NO,155,,,
395769,4,SI,0,,,
395798,4,SI,3,,,
395971,2,SI,97,,,
395973,4,SI,7,,,
396007,4,SI,0,0,5,
396063,2,SI,120,,,
396113,4,SI,26,,,
396174,4,SI,45,,,
396184,4,SI,4,,,
396223,4,NO,36,,,
396394,4,SI,1,,,
396539,4,SI,29,,,
396868,2,NO,318,,,
396872,4,SI,7,,,
396890,3,SI,20,,,
396976,4,SI,3,,,
397078,2,SI,77,,,
397338,4,SI,18,,,
397426,2,SI,77,,,
397434,4,SI,18,,,
397458,2,SI,214,,,
397672,4,SI,3,,,
397818,4,SI,45,,,
398136,2,SI,76,,,
398323,2,SI,70,,,
398325,4,SI,20,,,
398693,4,SI,30,,,
398763,4,SI,0,,,
398864,4,SI,24,,,
398871,3,SI,22,,,
398896,1,SI,153,,,
398900,4,SI,10,,,
398906,2,NO,512,,,
398916,4,NO,50,,,
398942,2,SI,75,,,
398956,1,SI,54,,,
399096,4,SI,14,,,
399194,4,SI,20,,,
399257,2,NO,279,,,
399389,4,SI,18,,,
399395,4,SI,0,,,
399453,2,SI,258,,,
399505,4,SI,36,,,
399509,4,SI,47,,,
399985,2,SI,132,,,
400152,4,NO,86,,,
400220,4,SI,0,,,
400294,2,SI,60,,,
400355,4,SI,17,,,
400355,2,SI,112,,,
400415,4,NO,166,,,
400589,3,SI,1,,,
400616,4,SI,49,,,
401050,2,SI,168,,,
401090,4,SI,0,0,1,
401159,4,SI,26,,,
401203,4,SI,0,,,
401245,2,SI,140,,,
401257,3,SI,0,0,0,3
401443,4,SI,6,,,
401593,2,NO,225,,,
401801,2,SI,136,,,
401817,4,SI,42,,,
401862,2,SI,50,,,
401938,2,SI,52,,,
402039,2,SI,254,,,
402102,2,SI,109,,,
402144,2,SI,87,,,
402165,4,SI,10,,,
402208,4,NO,61,,,
402218,2,SI,131,,,
402313,2,SI,159,,,
402370,2,SI,85,,,
402537,4,SI,0,0,0,67
402572,2,SI,72,,,
402648,4,NO,104,,,
402672,4,SI,44,,,
402698,2,SI,56,,,
402877,2,SI,287,,,
402900,2,SI,282,,,
402959,4,SI,1,,,
403027,2,SI,72,,,
403063,4,NO,186,,,
403106,4,SI,0,0,0,142
403116,2,SI,92,,,
403446,4,SI,0,,,
403497,2,SI,98,,,
403725,4,SI,0,0,0,189
403824,4,SI,41,,,
403875,2,SI,97,,,
403923,4,SI,17,,,
403983,2,SI,96,,,
404048,3,SI,0,0,0,1
404180,2,SI,68,,,
404207,2,SI,68,,,
404404,4,SI,0,,,
404493,4,SI,5,,,
404545,4,SI,15,,,
404815,3,SI,0,0,0,3
405085,4,SI,42,,,
405160,4,SI,1,,,
405216,4,SI,46,,,
405245,2,SI,260,,,
405256,4,SI,8,,,
405272,4,NO,95,,,
405292,2,SI,243,,,
405348,2,SI,244,,,
405513,4,NO,30,0,0,87
405596,4,NO,160,,,
405767,4,SI,36,,,
405831,3,SI,14,,,
406066,4,NO,2,,,
406104,2,SI,260,,,
406151,2,SI,78,,,
406158,2,NO,319,,,
406166,3,SI,0,,,
406218,4,SI,26,,,
406240,4,SI,38,,,
406446,2,SI,83,,,
406656,3,SI,45,,,
406676,2,SI,95,,,
406732,4,SI,0,0,0,124
406780,3,SI,0,0,0,1
406806,4,SI,0,0,0,127
406967,2,NO,231,,,
407004,4,SI,32,,,
407016,4,NO,30,,,
407142,2,SI,98,,,
407187,4,SI,0,,,
407226,2,SI,112,,,
407380,3,NO,159,,,
407416,4,SI,48,,,
407461,4,SI,34,,,
407579,4,SI,37,,,
407582,4,SI,36,,,
407669,3,SI,0,0,0,2
407791,4,SI,1,,,
407810,2,NO,219,,,
407960,4,SI,17,,,
407990,4,SI,35,,,
408095,2,SI,141,,,
408190,4,NO,109,,,
408231,4,SI,24,,,
408241,2,SI,178,,,
408382,2,SI,195,,,
408411,4,SI,12,,,
408428,2,SI,102,,,
408497,4,NO,32,,,
408769,4,SI,8,,,
408771,2,SI,79,,,
408798,2,SI,56,,,
408799,3,SI,0,0,0,2
408802,4,SI,14,,,
408840,2,SI,54,,,
409131,1,SI,148,,,
409217,2,SI,174,,,
409235,4,NO,82,,,
409257,2,SI,131,,,
409356,4,SI,9,,,
409415,4,NO,117,,,
409441,2,SI,122,,,
409455,3,SI,21,,,
409533,2,NO,226,,,
409646,4,SI,17,,,
409646,4,SI,30,,,
409674,4,NO,5,0,0,43
409723,2,SI,115,,,
409814,2,SI,51,,,
409820,1,SI,59,,,
409835,2,SI,124,,,
409882,4,SI,13,,,
409893,2,SI,121,,,
409985,2,SI,127,,,
410036,4,SI,34,,,
410146,4,SI,17,,,
410230,3,SI,0,0,0,5
410266,2,SI,86,,,
410345,3,SI,42,,,
410349,4,NO,122,,,
410415,4,SI,8,,,
410463,2,SI,84,,,
410471,4,SI,15,,,
410649,4,SI,26,,,
410721,4,SI,47,,,
410743,4,SI,8,,,
410755,4,NO,103,,,
410787,2,SI,125,,,
410820,2,SI,80,,,
410930,3,SI,0,0,0,1
410966,2,SI,147,,,
411150,2,SI,147,,,
411188,2,SI,90,,,
411219,4,SI,4,,,
411266,4,SI,0,0,0,73
411354,2,SI,65,,,
411408,2,SI,226,,,
411458,4,SI,36,,,
411474,2,SI,68,,,
411484,4,SI,7,,,
411767,4,SI,12,,,
411897,2,SI,153,,,
411969,4,NO,100,,,
412015,4,SI,30,,,
412066,2,SI,256,,,
412151,2,SI,248,,,
412249,4,SI,30,,,
412262,3,SI,0,0,0,2
412413,2,SI,83,,,
412475,3,SI,0,,,
412614,4,SI,20,,,
412622,4,SI,12,,,
412644,2,SI,103,,,
413150,4,SI,15,,,
413342,4,SI,32,,,
413348,2,SI,83,,,
413466,2,SI,69,,,
413468,4,SI,23,,,
413469,4,SI,34,,,
413510,4,SI,33,,,
413555,4,SI,7,,,
413555,4,SI,17,,,
413620,2,SI,69,,,
413673,4,SI,0,0,0,113
413851,4,SI,18,,,
413956,4,SI,32,,,
413958,2,SI,122,,,
413983,4,NO,117,,,
414218,2,SI,65,,,
414231,3,SI,7,,,
414307,4,SI,49,,,
414349,4,SI,43,,,
414360,4,SI,19,,,
414423,4,SI,8,,,
414471,2,NO,298,,,
414554,4,NO,189,,,
414641,2,SI,74,,,
414728,3,SI,0,0,0,2
414744,4,SI,20,,,
414893,2,SI,104,,,
414953,4,SI,1,,,
415175,4,SI,0,0,0,69
415267,2,SI,90,,,
415273,4,SI,3,,,
415412,4,SI,2,,,
415504,2,SI,67,,,
415541,3,NO,37,,,
415582,4,SI,32,,,
415688,3,SI,11,,,
415733,2,SI,291,,,
415886,3,SI,0,0,0,3
415894,4,SI,48,,,
415966,2,SI,55,,,
415968,2,NO,799,,,
416123,4,SI,44,,,
416314,2,SI,233,,,
416348,4,SI,18,,,
416436,4,SI,3,,,
416491,2,SI,83,,,
416515,4,SI,6,,,
416530,2,NO,284,,,
416708,4,SI,42,,,
416757,2,SI,111,,,
416817,4,SI,0,0,0,72
416824,4,NO,73,,,
416960,4,SI,49,,,
416972,2,SI,140,,,
417126,2,SI,115,,,
417148,4,NO,37,,,
417268,2,NO,296,,,
417616,4,SI,1,,,
417655,4,NO,137,,,
417686,2,SI,55,,,
417711,4,NO,164,,,
417747,2,NO,300,,,
417987,4,NO,179,,,
418076,2,SI,64,,,
418167,2,SI,159,,,
418235,4,SI,14,,,
418399,2,SI,158,,,
418436,4,NO,183,,,
418531,2,SI,114,,,
418597,2,SI,83,,,
418623,4,NO,117,,,
418785,4,SI,23,,,
418793,4,SI,36,,,
418800,4,SI,12,,,
418896,2,SI,216,,,
418909,4,SI,45,,,
418920,4,SI,15,,,
419120,4,SI,1,,,
419136,2,SI,125,,,
419350,2,SI,69,,,
419448,2,SI,122,,,
419797,3,SI,0,0,0,11
419893,3,SI,0,0,0,2
419972,4,SI,0,,,
420073,2,SI,51,,,
420076,4,SI,19,,,
420107,2,SI,208,,,
420212,4,SI,15,,,
420234,2,SI,283,,,
420357,4,SI,30,,,
420445,2,SI,204,,,
420460,4,NO,153,,,
420586,2,SI,88,,,
420835,2,SI,165,,,
420996,4,SI,29,,,
421008,1,SI,272,,,
421253,2,SI,61,,,
421377,4,SI,8,,,
421651,4,SI,1,,,
421754,4,SI,1,,,
421793,2,SI,74,,,
421831,2,SI,185,,,
421884,2,SI,75,,,
422174,4,SI,7,,,
422259,2,SI,133,,,
422311,4,SI,42,,,
422394,2,SI,131,,,
422399,4,SI,5,,,
422477,3,SI,0,0,0,2
422503,3,SI,0,0,0,2
422665,4,SI,45,,,
422879,2,NO,194,,,
422888,4,NO,95,,,
422947,3,SI,0,0,0,2
422985,4,SI,0,,,
422995,2,SI,60,,,
423046,2,NO,272,,,
423466,4,SI,0,0,1,
423478,1,SI,53,,,
423609,4,SI,12,,,
423731,1,NO,278,,,
423768,4,SI,23,,,
423771,4,NO,122,,,
423821,4,SI,36,,,
423867,2,SI,102,,,
423898,2,NO,219,,,
423900,2,SI,57,,,
423942,4,SI,7,,,
423984,2,SI,76,,,
424019,2,SI,167,,,
424029,4,SI,18,,,
424122,4,NO,167,,,
424156,4,SI,12,,,
424275,4,SI,13,,,
424285,4,SI,40,,,
424299,2,NO,279,,,
424453,4,SI,44,,,
424495,4,SI,22,,,
424578,4,SI,41,,,
424768,4,SI,25,,,
424811,2,SI,181,,,
424949,4,SI,21,,,
425044,4,SI,10,,,
425046,2,NO,203,,,
425194,4,NO,156,,,
425279,4,NO,101,,,
425398,4,SI,29,,,
425516,3,SI,0,0,0,1
425665,2,SI,607,,,
425749,2,SI,81,,,
425950,4,SI,43,,,
425960,4,SI,0,0,0,62
425988,4,SI,6,,,
426034,2,SI,66,,,
426202,4,NO,187,,,
426290,4,SI,11,,,
426520,2,SI,172,,,
426562,2,SI,101,,,
426665,2,SI,62,,,
426742,4,SI,48,,,
426758,2,SI,89,,,
426795,4,NO,156,,,
426867,4,SI,7,,,
427013,4,SI,0,,,
427233,4,NO,42,,,
427275,4,NO,157,,,
427349,4,NO,101,,,
427533,4,SI,10,,,
427595,2,SI,144,,,
427707,2,SI,133,,,
427834,2,SI,100,,,
427840,4,SI,30,,,
427924,2,NO,205,,,
427971,4,NO,132,,,
428014,4,NO,129,,,
428041,4,SI,2,,,
428094,4,SI,0,0,0,116
428219,2,NO,262,,,
428251,4,SI,13,,,
428287,2,SI,88,,,
428363,4,SI,1,,,
428402,4,SI,29,,,
428767,2,SI,67,,,
428880,4,SI,1,,,
428895,2,SI,93,,,
428962,4,SI,26,,,
429061,2,SI,51,,,
429208,2,NO,450,,,
429278,4,SI,3,,,
429353,4,SI,0,,,
429365,4,SI,6,,,
429627,2,SI,64,,,
429656,2,SI,71,,,
429659,4,NO,58,,,
429815,4,SI,4,,,
429848,4,NO,154,,,
430030,2,NO,260,,,
430054,2,SI,132,,,
430109,2,SI,367,,,
430205,4,SI,30,,,
430356,4,SI,1,0,6,
430421,2,SI,51,,,
430430,4,SI,21,,,
430452,2,NO,206,,,
430478,4,SI,18,,,
430738,4,NO,76,,,
430912,4,SI,45,,,
431007,4,NO,121,,,
431093,2,NO,453,,,
431167,4,SI,4,3,,
431220,4,SI,2,,,
431483,4,SI,22,,,
431523,2,SI,105,,,
431567,2,SI,58,,,
431683,4,SI,3,,,
431732,3,SI,0,0,0,2
431737,4,SI,12,,,
431807,2,SI,91,,,
431908,2,SI,126,,,
431923,3,SI,10,,,
431992,3,SI,5,,,
432013,3,SI,1,,,
432051,1,SI,165,,,
432095,4,SI,18,,,
432109,3,NO,105,,,
432134,2,SI,116,,,
432245,2,SI,112,,,
432260,4,NO,157,,,
432310,4,SI,15,,,
432481,2,SI,103,,,
432644,4,SI,6,,,
432650,4,NO,128,,,
432850,2,SI,160,,,
432873,4,SI,0,,,
433200,2,SI,122,,,
433204,3,SI,0,0,0,1
433266,4,SI,6,,,
433285,4,SI,47,,,
433402,2,SI,66,,,
433416,4,SI,9,,,
433425,2,SI,66,,,
433483,4,SI,0,,,
433602,3,SI,33,,,
433630,4,SI,15,,,
433673,4,SI,0,,,
433805,4,SI,11,,,
433864,4,SI,0,0,0,132
433995,4,SI,19,,,
434021,2,SI,154,,,
434023,4,SI,7,,,
434048,2,SI,64,,,
434165,2,NO,624,,,
434248,4,SI,19,,,
434297,2,SI,55,,,
434398,2,SI,70,,,
434412,2,SI,182,,,
434561,2,SI,67,,,
434608,3,SI,0,0,0,7
434726,2,SI,140,,,
434976,2,SI,231,,,
435000,4,SI,13,,,
435000,2,SI,82,,,
435101,4,SI,35,,,
435189,3,SI,0,0,0,5
435262,4,NO,163,,,
435270,3,SI,22,,,
435415,4,SI,5,,,
435500,4,SI,28,,,
435543,4,NO,74,,,
435563,4,SI,48,,,
435629,4,SI,14,,,
435648,2,SI,114,,,
435701,2,SI,153,,,
435762,4,NO,88,,,
435806,4,SI,0,0,0,12
436148,3,SI,0,0,0,1
436379,2,SI,101,,,
436474,4,SI,38,,,
436569,2,SI,84,,,
436609,2,NO,202,,,
436633,4,SI,3,,,
436635,4,SI,0,,,
436665,2,SI,75,,,
436784,3,SI,1,,,
436891,2,NO,330,,,
436963,3,SI,1,,,
437041,1,SI,236,,,
437096,2,SI,109,,,
437202,2,SI,75,,,
437274,2,SI,156,,,
437296,2,SI,104,,,
437534,4,SI,0,0,0,78
437608,4,NO,153,,,
437987,2,NO,215,,,
438395,4,SI,46,,,
438480,2,SI,87,,,
438635,2,SI,369,,,
438736,3,SI,2,,,
438766,2,SI,228,,,
438795,2,SI,83,,,
438998,2,SI,251,,,
439128,2,SI,178,,,
439149,3,SI,0,0,0,2
439168,4,SI,44,,,
439173,4,NO,138,,,
439481,2,SI,116,,,
439623,4,NO,76,,,
439833,4,SI,14,,,
439870,4,SI,7,,,
440035,4,SI,10,,,
440159,2,SI,77,,,
440166,4,SI,7,,,
440272,4,SI,0,0,0,91
440325,3,SI,0,,,
440417,2,SI,136,,,
440922,4,NO,30,,,
441045,4,SI,39,,,
441208,4,SI,48,,,
441219,4,SI,39,,,
441263,4,SI,14,,,
441339,2,SI,63,,,
441452,2,SI,122,,,
441521,3,SI,0,0,0,2
441613,4,SI,1,,,
441616,4,SI,0,0,0,145
441681,2,NO,201,,,
441689,2,NO,255,,,
441827,4,SI,3,,,
442008,3,SI,0,0,0,1
442040,3,SI,19,,,
442165,2,SI,162,,,
442178,2,NO,225,,,
442274,3,SI,0,,,
442275,4,SI,9,,,
442297,4,SI,5,,,
442354,2,SI,76,,,
442442,3,SI,0,0,0,4
442458,4,SI,3,,,
442489,2,SI,55,,,
442490,3,SI,0,0,0,10
442503,4,SI,0,,,
442649,4,SI,16,,,
442839,2,NO,316,,,
443015,4,SI,20,,,
443308,4,SI,31,,,
443380,2,SI,78,,,
443642,4,NO,183,,,
443698,4,SI,21,,,
443822,2,SI,124,,,
443891,3,SI,0,0,0,7
444037,4,SI,9,,,
444131,4,SI,37,,,
444308,2,SI,88,,,
444321,2,NO,269,,,
444395,1,SI,54,,,
444458,4,SI,8,,,
444553,4,SI,0,0,0,153
444598,4,SI,15,,,
444691,2,NO,258,,,
444730,4,SI,0,0,0,116
444738,2,SI,58,,,
444751,2,NO,237,,,
444864,2,SI,65,,,
445023,4,SI,27,,,
445051,4,SI,8,,,
445053,4,SI,0,0,0,93
445056,2,SI,135,,,
445113,2,SI,123,,,
445229,4,NO,107,,,
445353,2,NO,303,,,
445446,2,NO,288,,,
445460,4,SI,26,,,
445510,2,SI,66,,,
445542,4,SI,33,,,
445566,2,SI,168,,,
445577,4,SI,1,0,3,
445586,3,SI,0,0,0,19
445703,3,SI,2,,,
445744,3,SI,0,0,0,2
445827,2,SI,70,,,
445903,2,SI,318,,,
446045,3,SI,0,0,0,1
446403,4,NO,123,,,
446413,4,SI,48,,,
446631,3,SI,0,,,
446643,2,SI,72,,,
447014,4,SI,41,,,
447023,4,SI,0,,,
447370,2,NO,315,,,
447418,4,SI,4,,,
447456,4,SI,27,,,
447494,2,SI,68,,,
447500,2,NO,310,,,
447620,4,NO,102,,,
447636,2,SI,244,,,
447901,2,SI,105,,,
448048,4,SI,45,,,
448056,4,SI,17,,,
448066,2,SI,295,,,
448212,4,SI,1,,,
448301,4,NO,73,,,
448403,1,SI,69,,,
448451,4,NO,189,,,
448585,4,NO,127,,,
448679,4,SI,36,,,
448716,4,NO,160,,,
448741,4,SI,38,,,
448747,4,SI,14,,,
448845,4,NO,134,,,
448864,2,SI,141,,,
448931,4,NO,168,,,
449025,4,SI,28,,,
449030,4,NO,187,,,
449112,4,NO,29,,,
449126,4,SI,20,,,
449152,4,NO,30,,,
449230,4,SI,49,,,
449341,3,SI,20,,,
449393,2,SI,146,,,
449638,4,NO,131,,,
450112,4,SI,12,,,
450166,4,SI,6,,,
450184,2,SI,75,,,
450185,4,SI,6,,,
450269,3,SI,42,,,
450377,4,NO,167,,,
450481,4,SI,7,,,
450520,2,SI,87,,,
450643,2,SI,50,,,
450820,4,NO,163,,,
451000,2,SI,63,,,
451069,4,SI,4,,,
451110,2,SI,93,,,
451241,2,SI,263,,,
451339,2,SI,77,,,
451616,4,SI,0,0,0,134
451640,4,SI,0,,,
451711,2,SI,70,,,
451790,3,SI,22,,,
452210,4,SI,16,,,
452328,4,NO,181,,,
452435,2,SI,71,,,
452478,4,NO,150,,,
452508,4,SI,22,,,
452567,4,SI,25,,,
452638,2,SI,166,,,
452842,2,SI,56,,,
452846,3,SI,0,0,0,1
452851,2,SI,281,,,
453097,2,SI,90,,,
453098,4,NO,53,,,
453132,2,SI,70,,,
453182,4,NO,168,,,
453239,4,NO,135,,,
453240,4,SI,14,,,
453374,2,NO,236,,,
453404,4,SI,44,,,
453406,3,SI,23,,,
453411,2,SI,165,,,
453583,4,SI,39,,,
453773,3,SI,12,,,
453873,1,SI,139,,,
453963,4,SI,0,,,
454004,4,SI,2,,,
454177,4,SI,0,,,
454294,2,SI,187,,,
454438,2,NO,326,,,
454461,4,SI,0,,,
454509,4,SI,7,,,
454615,3,SI,14,,,
454668,4,SI,22,,,
454762,4,SI,47,,,
454784,3,SI,0,0,0,1
454799,4,SI,7,,,
455021,3,SI,20,,,
455072,2,SI,59,,,
455091,3,SI,0,0,0,5
455280,4,SI,3,,,
455292,4,SI,49,,,
455313,4,NO,72,,,
455465,2,SI,109,,,
455520,2,NO,444,,,
455695,2,SI,56,,,
455722,4,SI,23,,,
455852,4,SI,8,,,
455918,4,SI,0,2,,
456010,4,SI,29,,,
456222,2,SI,120,,,
456225,4,SI,0,0,0,67
456408,2,SI,84,,,
456464,4,SI,47,,,
456696,2,SI,159,,,
456726,4,SI,31,,,
456780,4,NO,106,,,
456819,2,SI,69,,,
456972,3,SI,0,0,0,4
457270,4,NO,69,,,
457483,4,SI,4,,,
457492,2,SI,221,,,
457658,2,SI,161,,,
457712,2,SI,106,,,
457714,4,SI,30,,,
457741,2,SI,83,,,
457876,4,NO,66,,,
457896,2,SI,110,,,
457915,2,SI,65,,,
458121,3,SI,24,,,
458192,2,SI,162,,,
458353,3,SI,23,,,
458682,2,SI,110,,,
458809,2,SI,140,,,
459093,2,SI,74,,,
459621,4,NO,158,,,
459700,2,SI,65,,,
459707,3,SI,0,4,,
459804,2,SI,61,,,
459811,2,SI,124,,,
459854,2,SI,62,,,
459910,2,SI,141,,,
459927,4,SI,27,,,
460026,2,SI,135,,,
460069,2,SI,184,,,
460295,3,SI,0,0,0,2
460295,4,SI,7,,,
460594,2,SI,214,,,
460720,2,SI,59,,,
460736,4,NO,152,,,
460768,4,SI,14,,,
460857,4,SI,12,,,
460990,4,SI,15,,,
461041,4,NO,155,,,
461242,1,SI,76,,,
461334,4,SI,27,,,
461378,4,SI,7,,,
461407,2,NO,208,,,
461422,2,SI,115,,,
461543,2,SI,63,,,
461574,4,SI,0,0,0,73
461606,3,SI,0,0,0,5
461868,2,NO,214,,,
461875,4,NO,91,,,
461941,2,SI,179,,,
462044,4,SI,21,,,
462083,4,SI,41,,,
462170,4,SI,11,,,
462570,2,SI,118,,,
462673,4,NO,172,,,
462700,2,SI,177,,,
462716,2,SI,57,,,
462837,2,SI,102,,,
463064,3,SI,0,0,0,1
463272,2,SI,87,,,
463299,4,SI,43,,,
463384,4,SI,37,,,
463391,2,SI,122,,,
463551,2,NO,520,,,
463569,1,SI,69,,,
463580,4,SI,0,0,3,
463656,4,SI,27,,,
463782,2,SI,186,,,
463904,2,SI,60,,,
463968,4,NO,140,,,
464187,3,SI,0,0,0,3
464373,4,SI,4,,,
464385,4,SI,2,,,
464696,4,SI,0,0,0,68
464699,4,SI,16,,,
464701,1,SI,54,,,
464730,4,NO,143,,,
464753,2,SI,112,,,
464896,4,NO,46,,,
465379,2,SI,57,,,
465447,2,NO,212,,,
465697,4,SI,1,,,
465700,4,SI,45,,,
465729,2,SI,82,,,
465783,2,SI,131,,,
466057,2,NO,483,,,
466114,4,SI,23,,,
466154,4,SI,21,,,
466225,4,SI,35,,,
466326,4,NO,0,0,0,26
466534,4,SI,8,,,
466545,4,SI,31,,,
466579,2,NO,328,,,
466602,4,NO,149,,,
466624,2,SI,208,,,
466786,3,SI,2,,,
467110,4,SI,24,,,
467170,4,SI,28,,,
467246,4,SI,0,,,
467295,2,NO,219,,,
467433,4,SI,0,0,0,
467589,4,SI,17,,,
467986,2,SI,80,,,
468081,2,SI,54,,,
468102,4,SI,17,,,
468154,2,SI,83,,,
468318,2,SI,95,,,
468336,4,SI,42,,,
468347,2,SI,55,,,
468381,4,NO,125,,,
468465,2,SI,116,,,
468525,2,SI,143,,,
468577,4,SI,1,,,
468639,2,SI,100,,,
468664,3,SI,1,,,
468670,2,SI,85,,,
468727,2,SI,463,,,
468821,4,SI,0,0,0,69
468870,2,SI,73,,,
468927,2,SI,116,,,
468932,4,SI,12,,,
468958,4,SI,0,0,0,71
469112,2,SI,69,,,
469138,2,NO,209,,,
469147,4,SI,0,0,0,82
469209,2,SI,133,,,
469277,4,SI,1,,,
469299,2,SI,87,,,
469303,2,SI,99,,,
469306,4,NO,121,,,
469523,4,NO,25,,,
469628,4,NO,35,,,
469651,2,SI,174,,,
469681,4,SI,23,,,
469772,2,SI,95,,,
469787,4,SI,37,,,
470020,2,SI,168,,,
470192,4,SI,18,,,
470231,4,SI,7,,,
470246,4,NO,111,,,
470280,3,SI,1,,,
470293,2,SI,77,,,
470415,4,SI,31,,,
470440,4,SI,0,0,0,109
470475,2,SI,115,,,
470554,4,SI,1,,,
470585,2,SI,54,,,
470645,4,SI,8,,,
470727,4,SI,38,,,
470802,4,SI,9,,,
470820,4,SI,35,,,
470921,2,NO,396,,,
471104,2,NO,273,,,
471145,2,SI,72,,,
471310,3,SI,0,0,0,2
471322,2,SI,165,,,
471372,4,SI,30,,,
471420,2,NO,198,,,
471506,4,SI,10,,,
471551,3,SI,0,,,
471670,2,SI,50,,,
471873,4,NO,129,,,
472009,3,SI,0,0,0,4
472097,2,SI,50,,,
472182,2,NO,269,,,
472183,1,SI,91,,,
472185,4,NO,65,,,
472259,4,SI,13,,,
472330,2,SI,68,,,
472491,2,SI,64,,,
472504,2,SI,88,,,
472529,4,SI,39,,,
472544,4,NO,145,,,
472859,2,SI,55,,,
472936,3,SI,0,0,0,30
472975,4,NO,184,,,
473197,4,SI,4,,,
473274,4,SI,0,0,0,64
473340,2,SI,116,,,
473432,4,SI,19,,,
473515,4,NO,70,,,
473515,2,SI,75,,,
473609,4,SI,38,,,
473667,2,SI,110,,,
473703,4,NO,157,,,
474046,4,SI,39,,,
474056,4,SI,33,,,
474095,3,SI,1,,,
474204,4,SI,4,,,
474216,2,SI,68,,,
474370,2,SI,70,,,
474430,2,SI,143,,,
474464,2,SI,69,,,
474494,2,SI,93,,,
474504,2,SI,172,,,
474528,3,SI,0,0,0,2
474532,4,SI,20,,,
474570,4,NO,153,,,
474699,2,SI,61,,,
474700,4,NO,187,,,
474707,4,SI,5,,,
474717,2,SI,101,,,
474789,4,SI,14,,,
474848,2,SI,178,,,
474909,4,SI,38,,,
474974,2,SI,55,,,
474997,2,SI,99,,,
475164,4,SI,13,,,
475255,4,SI,0,0,0,133
475385,2,NO,403,,,
475551,3,NO,0,0,0,8
475790,2,SI,91,,,
475893,3,SI,0,0,0,1
475995,4,SI,13,,,
476006,3,SI,0,0,0,3
476074,3,NO,179,,,
476255,4,NO,1,0,0,66
476308,4,SI,0,,,
476332,4,SI,49,,,
476429,4,NO,64,,,
476461,4,SI,0,0,0,125
476664,4,SI,13,,,
476756,4,SI,9,,,
476781,4,SI,0,0,5,
476792,4,SI,22,,,
476911,4,SI,17,,,
477023,2,SI,549,,,
477042,4,SI,42,,,
477112,3,NO,41,,,
477170,4,SI,40,,,
477220,2,SI,155,,,
477311,4,SI,6,,,
477322,2,SI,149,,,
477379,2,SI,143,,,
477458,3,SI,0,0,0,8
477492,2,SI,134,,,
477542,2,SI,465,,,
477713,2,NO,430,,,
477722,4,NO,108,,,
477822,2,NO,395,,,
477913,2,SI,50,,,
477928,3,SI,41,,,
478018,2,NO,304,,,
478154,4,SI,22,,,
478154,4,SI,8,,,
478180,4,SI,34,,,
478210,3,NO,0,,,
478413,2,SI,98,,,
478495,2,SI,82,,,
478584,2,SI,52,,,
478654,2,SI,384,,,
478677,1,SI,62,,,
478845,2,SI,223,,,
478891,3,NO,116,,,
478978,3,SI,0,0,0,2
479010,3,SI,30,,,
479126,2,SI,136,,,
479185,2,SI,133,,,
479235,2,SI,59,,,
479236,2,SI,73,,,
479252,4,SI,23,,,
479261,2,SI,70,,,
479367,4,SI,36,,,
479757,1,SI,52,,,
479912,4,SI,0,,,
479965,4,SI,1,,,
480075,3,SI,31,,,
480267,2,SI,104,,,
480297,4,SI,20,,,
480330,4,SI,42,,,
480454,4,SI,5,,,
480533,4,SI,2,,,
480541,3,SI,0,0,0,3
480610,2,SI,127,,,
480866,3,SI,34,,,
480996,2,SI,163,,,
481012,3,SI,0,0,0,2
481082,4,SI,11,,,
481090,2,NO,194,,,
481169,2,SI,63,,,
481217,2,SI,117,,,
481267,2,NO,240,,,
481284,3,SI,48,,,
481307,2,SI,104,,,
481373,4,SI,0,,,
481391,2,SI,76,,,
481439,2,SI,66,,,
481547,2,NO,196,,,
481560,4,SI,0,,,
481692,2,SI,159,,,
481805,4,NO,163,,,
481876,4,SI,33,,,
481896,2,SI,68,,,
481950,4,SI,47,,,
482157,4,SI,0,0,0,127
482384,2,SI,76,,,
482610,3,SI,11,,,
482937,2,SI,66,,,
482981,4,NO,148,,,
482988,4,NO,82,,,
483162,4,SI,15,,,
483193,4,SI,34,,,
483244,4,SI,21,,,
483455,2,SI,157,,,
483504,2,SI,257,,,
483896,2,SI,100,,,
483909,2,SI,121,,,
483990,4,NO,71,,,
484041,4,SI,40,,,
484299,3,SI,6,,,
484366,2,SI,182,,,
484387,4,SI,38,,,
484472,4,SI,18,,,
484496,4,NO,148,,,
484611,2,SI,190,,,
484700,2,SI,108,,,
484774,1,SI,196,,,
485329,4,SI,10,,,
485419,4,SI,18,,,
485503,2,SI,139,,,
485503,4,SI,3,,,
485645,1,SI,154,,,
485661,4,SI,40,,,
485868,2,SI,106,,,
485879,1,SI,87,,,
486009,2,SI,107,,,
486034,2,SI,190,,,
486130,3,NO,48,,,
486423,4,NO,183,,,
486425,2,SI,104,,,
486556,4,NO,90,,,
486947,4,SI,12,,,
486958,4,SI,10,,,
486960,2,SI,214,,,
487142,4,SI,34,,,
487434,2,SI,295,,,
487486,2,SI,94,,,
487647,4,SI,37,,,
487673,4,SI,23,,,
487766,3,SI,0,0,0,1
488204,4,SI,12,,,
488223,2,SI,63,,,
488257,2,SI,150,,,
488563,2,SI,132,,,
488733,4,SI,0,,,
488737,4,SI,9,,,
488787,2,SI,146,,,
488798,4,SI,3,,,
488828,2,NO,250,,,
488837,4,SI,6,,,
488856,2,SI,131,,,
489203,4,NO,127,,,
489638,4,SI,9,,,
489687,4,NO,104,,,
489923,2,SI,546,,,
490080,4,SI,9,,,
490225,4,NO,93,,,
490367,2,NO,327,,,
490539,1,SI,96,,,
490636,2,SI,138,,,
490682,4,SI,40,,,
490707,2,SI,96,,,
490741,4,SI,8,,,
490743,2,NO,269,,,
490750,2,NO,190,,,
490761,4,SI,0,0,0,99
490846,2,SI,207,,,
490852,4,NO,68,,,
490881,4,NO,168,,,
490889,3,SI,0,0,0,10
490954,4,SI,35,,,
490955,2,SI,125,,,
490991,4,SI,0,,,
491120,4,SI,8,,,
491165,4,SI,17,,,
491297,4,SI,32,,,
491306,2,SI,50,,,
491379,4,SI,15,,,
491382,3,SI,0,0,0,1
491448,3,SI,1,0,0,2
491541,4,SI,10,,,
491632,4,SI,5,,,
491703,4,SI,34,,,
491757,4,SI,14,,,
491874,2,NO,553,,,
491885,4,SI,42,,,
491962,3,SI,0,0,0,4
492187,4,SI,24,,,
492310,2,SI,118,,,
492361,2,SI,115,,,
492374,4,SI,0,8,,
492386,4,NO,183,,,
492528,4,NO,165,,,
492531,4,NO,166,,,
492582,3,SI,26,,,
492730,4,SI,27,,,
492829,4,SI,4,,,
493211,4,NO,148,,,
493280,1,SI,90,,,
493433,2,SI,79,,,
493588,2,SI,134,,,
493598,4,SI,5,,,
493660,4,SI,0,0,0,92
493737,4,SI,11,,,
493869,4,NO,24,,,
494003,2,SI,153,,,
494007,4,SI,6,,,
494057,4,NO,113,,,
494138,3,SI,0,0,0,1
494139,4,NO,82,,,
494155,4,SI,22,,,
494253,2,SI,122,,,
494314,2,NO,262,,,
494380,4,SI,0,0,0,101
494395,2,SI,101,,,
494521,2,SI,294,,,
494566,2,SI,66,,,
494595,4,SI,21,,,
494833,4,SI,7,,,
494850,4,SI,23,,,
494864,4,SI,7,,,
495044,4,SI,0,0,,
495058,4,SI,1,,,
495134,4,SI,32,,,
495135,4,NO,189,,,
495662,3,NO,147,,,
495742,2,SI,106,,,
495818,4,NO,34,,,
495925,3,SI,0,0,0,2
495926,2,NO,194,,,
496192,4,SI,29,,,
496225,2,SI,50,,,
496270,4,SI,0,,,
496314,2,NO,274,,,
496572,2,SI,152,,,
496581,2,SI,72,,,
496605,2,SI,130,,,
496709,4,SI,0,0,0,131
496754,4,NO,148,,,
497067,4,SI,15,,,
497070,2,SI,235,,,
497129,2,NO,296,,,
497138,2,NO,308,,,
497162,2,NO,533,,,
497211,2,NO,192,,,
497329,4,SI,2,,,
497532,2,SI,70,,,
497583,4,NO,100,0,0,41
497693,2,SI,78,,,
497693,4,NO,84,,,
497842,3,SI,0,,,
497868,4,NO,153,,,
497929,2,SI,124,,,
497988,4,SI,3,,,
498018,4,SI,21,,,
498042,4,SI,4,,,
498168,1,SI,92,,,
498190,4,SI,0,0,0,48
498561,4,SI,14,,,
498640,4,SI,10,,,
498684,2,SI,85,,,
498770,2,SI,69,,,
498772,4,SI,0,0,0,72
498794,4,SI,5,,,
498831,2,SI,112,,,
498914,2,NO,191,,,
499011,4,NO,60,,,
499012,2,SI,91,,,
499369,2,SI,76,,,
499458,4,SI,19,,,
499670,2,SI,56,,,
499781,4,SI,12,,,
499795,2,SI,89,,,
499796,4,SI,16,,,
499823,2,SI,139,,,
499957,4,SI,33,,,
500062,2,SI,55,,,
500333,4,NO,0,0,0,89
500431,4,SI,1,,,
500562,2,SI,69,,,
500613,4,NO,189,,,
500644,1,SI,149,,,
501024,4,NO,126,,,
501212,2,SI,162,,,
501246,4,SI,35,,,
501284,4,SI,34,,,
501370,4,SI,18,,,
501376,2,SI,82,,,
501435,3,SI,0,0,0,1
501450,4,SI,0,0,0,22
501632,4,SI,25,,,
501693,2,SI,66,,,
501757,4,NO,126,,,
501774,4,SI,18,,,
501958,2,SI,145,,,
502058,2,SI,128,,,
502073,4,SI,40,,,
502131,4,SI,12,,,
502361,4,SI,10,,,
502370,4,NO,114,,,
502419,4,SI,26,,,
502500,2,SI,135,,,
502503,4,NO,178,,,
502506,4,SI,40,,,
502604,2,NO,285,,,
502613,3,SI,1,,,
502795,2,SI,137,,,
502862,4,SI,29,,,
502985,4,SI,35,,,
503046,4,SI,15,,,
503073,4,SI,43,,,
503262,4,SI,7,,,
503383,4,NO,157,,,
503415,4,SI,1,,,
503449,4,SI,43,,,
503459,3,NO,73,,,
503478,4,SI,7,,,
503650,4,SI,40,,,
503680,4,NO,162,,,
503716,4,SI,33,,,
503801,2,NO,190,,,
503869,1,SI,103,,,
503900,4,NO,118,,,
503964,4,NO,157,,,
504008,4,SI,7,,,
504232,4,SI,24,,,
504235,1,SI,229,,,
504371,4,SI,13,,,
504417,2,SI,128,,,
504433,4,SI,46,,,
504475,4,SI,5,,,
504541,2,NO,255,,,
504559,4,NO,109,,,
504594,2,NO,211,,,
504682,2,SI,94,,,
504878,4,SI,6,,,
505175,4,SI,15,,,
505205,1,SI,285,,,
505348,4,SI,43,,,
505353,2,SI,76,,,
505405,4,SI,0,0,11,
505490,2,SI,96,,,
505534,2,SI,58,,,
505618,2,NO,202,,,
505694,2,SI,119,,,
505928,2,SI,118,,,
505947,2,SI,104,,,
505953,2,SI,50,,,
506255,2,SI,337,,,
506255,2,SI,110,,,
506414,4,NO,174,,,
506438,4,SI,2,,,
506766,3,SI,42,,,
506774,2,SI,443,,,
506869,3,SI,22,,,
506882,2,SI,92,,,
507337,4,NO,169,,,
507367,4,SI,5,,,
507504,4,NO,111,,,
507552,4,SI,2,,,
507572,3,SI,0,0,0,5
507603,4,SI,8,,,
508437,4,SI,1,,,
508457,2,SI,81,,,
508692,2,SI,89,,,
508737,2,SI,219,,,
508783,4,SI,1,,,
508822,4,NO,75,,,
508870,4,NO,98,,,
509004,4,SI,46,,,
509105,2,NO,216,,,
509137,2,SI,152,,,
509251,4,SI,48,,,
509330,2,SI,84,,,
509347,3,SI,31,,,
509617,2,SI,81,,,
509627,2,SI,218,,,
509662,4,SI,1,,,
509697,4,NO,100,,,
510044,2,SI,81,,,
510214,2,SI,96,,,
510288,2,SI,164,,,
510788,4,SI,11,,,
510790,4,NO,130,,,
510846,4,NO,127,,,
510878,3,SI,2,,,
510930,2,SI,165,,,
510968,2,SI,60,,,
511104,2,SI,118,,,
511116,2,SI,64,,,
511181,3,SI,5,,,
511231,2,SI,394,,,
511560,2,NO,281,,,
511605,2,SI,203,,,
511660,2,SI,58,,,
511672,2,SI,92,,,
511728,2,SI,85,,,
511746,4,SI,10,,,
511803,4,NO,112,,,
511872,4,SI,16,,,
511971,3,SI,0,0,0,2
512058,2,SI,224,,,
512066,2,SI,102,,,
512143,4,SI,10,,,
512286,4,NO,145,,,
512413,4,NO,187,,,
512454,4,SI,13,,,
512476,1,SI,54,,,
512517,4,NO,163,,,
512532,4,SI,38,,,
512551,2,NO,515,,,
512605,2,NO,281,,,
513041,4,SI,0,,,
513173,4,SI,26,,,
513213,2,SI,174,,,
513229,2,SI,54,,,
513482,4,NO,172,,,
513536,4,NO,125,,,
513567,4,SI,4,,,
513752,2,NO,204,,,
513769,4,NO,107,,,
513804,4,SI,21,,,
513844,4,SI,39,,,
513859,2,SI,215,,,
514028,2,SI,53,,,
514042,2,SI,74,,,
514091,4,NO,55,,,
514299,4,NO,186,,,
514379,3,SI,2,,,
514395,4,SI,35,,,
514554,1,SI,120,,,
514561,2,SI,53,,,
514942,2,SI,84,,,
514972,2,SI,154,,,
514980,4,SI,0,0,0,134
515176,2,NO,212,,,
515281,4,SI,21,,,
515439,2,NO,246,,,
515573,2,SI,67,,,
515585,3,SI,0,0,0,6
515631,2,SI,54,,,
515657,4,SI,24,,,
515831,4,SI,0,,,
515910,2,SI,232,,,
515924,4,SI,10,,,
515962,4,NO,147,,,
516012,2,SI,60,,,
516118,2,SI,53,,,
516215,4,SI,20,,,
516333,4,SI,44,,,
516474,2,NO,211,,,
516476,4,SI,5,,,
516606,2,SI,56,,,
516660,2,SI,228,,,
516709,4,NO,79,,,
516739,1,SI,101,,,
516782,4,SI,0,,,
516822,4,SI,1,,,
516837,2,SI,71,,,
516922,2,SI,108,,,
517041,4,SI,49,,,
517137,2,SI,63,,,
517192,2,NO,207,,,
517401,4,SI,0,0,0,141
517530,3,SI,7,,,
517747,4,NO,134,,,
517778,2,NO,267,,,
517790,2,SI,53,,,
517809,2,SI,156,,,
517844,3,SI,0,,,
517891,4,SI,7,,,
517923,4,SI,0,,,
518067,4,SI,5,,,
518084,2,NO,191,,,
518094,1,SI,226,,,
518214,4,SI,14,,,
518215,4,SI,29,,,
518232,4,SI,32,,,
518261,4,SI,2,,,
518288,4,SI,0,,,
518320,2,SI,61,,,
518321,4,SI,0,0,0,52
518373,2,NO,194,,,
518400,2,SI,120,,,
518466,4,SI,6,,,
518498,2,SI,153,,,
518592,2,SI,55,,,
518680,4,SI,12,,,
518730,2,SI,85,,,
518764,2,SI,80,,,
518785,4,SI,28,,,
519213,4,SI,28,,,
519269,4,SI,0,0,0,25
519270,1,SI,65,,,
519366,2,SI,66,,,
519394,2,SI,198,,,
519439,2,NO,205,,,
519457,2,SI,209,,,
519543,2,SI,83,,,
519632,2,SI,64,,,
519716,2,SI,229,,,
520138,4,SI,0,,,
520163,4,SI,6,,,
520219,2,SI,61,,,
520223,4,SI,44,,,
520309,4,SI,39,,,
520344,2,NO,214,,,
520496,4,NO,167,,,
520557,4,SI,0,0,0,37
520565,2,NO,262,,,
520594,1,SI,62,,,
520604,2,SI,104,,,
520823,2,SI,113,,,
520837,2,SI,78,,,
520841,2,SI,143,,,
521000,4,SI,27,,,
521069,3,SI,11,,,
521099,4,SI,6,,,
521172,4,SI,17,,,
521387,2,SI,86,,,
521437,4,SI,0,,,
521677,3,SI,0,0,0,9
521695,4,SI,16,,,
521815,3,SI,25,,,
521823,4,NO,100,,,
522023,1,SI,100,,,
522045,4,SI,7,,,
522053,4,SI,48,,,
522158,2,SI,101,,,
522217,2,SI,57,,,
522225,4,SI,29,,,
522320,4,NO,161,,,
522455,4,SI,16,,,
522581,4,SI,1,,,
522594,2,SI,120,,,
522612,3,SI,0,0,0,2
522747,2,NO,229,,,
522771,4,NO,77,,,
522925,2,SI,174,,,
522985,4,SI,0,0,1,
523273,4,SI,2,,,
523315,4,NO,179,,,
523344,2,SI,53,,,
523360,3,SI,27,,,
523471,3,SI,0,,,
523502,4,SI,11,,,
523706,2,NO,207,,,
523846,2,SI,183,,,
523896,2,SI,84,,,
523925,2,SI,142,,,
523942,2,SI,96,,,
523957,4,SI,46,,,
524035,2,SI,124,,,
524179,2,SI,173,,,
524193,4,SI,35,,,
524246,2,NO,226,,,
524296,2,SI,114,,,
524335,2,SI,83,,,
524508,2,SI,113,,,
524618,4,SI,12,,,
524649,2,SI,101,,,
524699,4,SI,44,,,
524733,4,NO,164,,,
524753,2,NO,355,,,
524957,2,SI,183,,,
525184,2,SI,63,,,
525304,2,SI,139,,,
525346,4,SI,37,,,
525399,2,SI,79,,,
525444,4,NO,169,,,
525550,2,SI,82,,,
525886,4,SI,18,,,
525916,2,SI,143,,,
526098,4,SI,22,,,
526272,3,SI,0,0,0,4
526309,2,SI,128,,,
526319,2,SI,136,,,
526401,2,SI,145,,,
526522,2,SI,89,,,
526626,2,SI,115,,,
526705,4,SI,28,,,
526774,4,SI,14,,,
526880,4,SI,25,,,
527167,2,SI,55,,,
527176,4,NO,152,,,
527800,4,SI,0,0,0,114
528014,4,SI,21,,,
528054,2,SI,51,,,
528067,4,SI,42,,,
528117,2,SI,93,,,
528129,3,SI,12,,,
528159,4,SI,40,,,
528283,2,SI,103,,,
528319,2,SI,65,,,
528325,4,SI,0,,,
528460,4,SI,15,,,
528484,4,SI,2,,,
528485,3,SI,0,0,0,4
528807,4,SI,42,,,
528834,2,SI,61,,,
528882,2,SI,54,,,
529346,2,SI,123,,,
529445,4,NO,178,,,
529499,2,NO,511,,,
529501,4,SI,8,,,
529503,4,SI,42,,,
529523,3,SI,13,,,
529609,4,SI,0,0,,
529731,3,SI,0,0,0,2
529783,4,SI,21,,,
529869,2,SI,237,,,
529878,2,SI,71,,,
529945,4,NO,168,,,
529946,2,SI,455,,,
529973,2,SI,77,,,
529992,2,SI,158,,,
530043,4,SI,27,,,
530221,4,SI,7,,,
530225,4,SI,1,,,
530238,2,NO,230,,,
530423,4,SI,0,,,
530544,1,SI,171,,,
530590,4,NO,79,,,
530645,4,SI,3,,,
530935,4,SI,9,,,
531087,2,SI,84,,,
531261,4,SI,19,,,
531450,2,SI,91,,,
531457,3,SI,19,,,
531506,3,SI,0,0,0,4
531568,4,SI,48,,,
531598,2,NO,193,,,
531862,4,SI,36,,,
532046,2,NO,327,,,
532178,2,SI,62,,,
532411,2,SI,78,,,
532484,4,SI,0,0,0,80
532644,2,SI,84,,,
532690,4,SI,14,,,
532703,4,SI,47,,,
532708,4,SI,0,0,0,62
532713,4,SI,13,,,
532747,4,SI,0,0,0,77
532749,2,SI,76,,,
532840,2,SI,121,,,
532896,2,SI,153,,,
533027,2,SI,106,,,
533064,2,SI,515,,,
533146,2,SI,57,,,
533325,2,NO,208,,,
533330,4,SI,20,,,
533467,3,SI,0,,,
533555,2,NO,336,,,
533565,2,SI,80,,,
533608,2,SI,51,,,
533796,4,SI,3,,,
533798,4,NO,1,0,0,77
534063,4,SI,16,,,
534338,4,SI,3,,,
534539,4,SI,0,,,
534598,2,SI,158,,,
534808,2,SI,112,,,
534945,2,SI,91,,,
534948,2,SI,218,,,
534961,2,SI,209,,,
535009,2,SI,51,,,
535189,4,NO,116,,,
535255,4,SI,39,,,
535424,2,SI,58,,,
535755,4,SI,0,0,0,150
535873,4,NO,42,,,
535920,2,SI,51,,,
536180,2,SI,111,,,
536212,1,SI,91,,,
536311,4,SI,41,,,
536673,2,SI,65,,,
536677,4,NO,30,,,
536828,4,NO,127,,,
536860,2,SI,62,,,
537035,4,SI,9,,,
537327,2,SI,134,,,
537346,2,SI,238,,,
537469,4,SI,34,,,
537495,4,NO,53,,,
537586,2,SI,97,,,
537649,4,SI,45,,,
537747,4,NO,1,0,0,51
537794,4,NO,170,,,
537823,2,SI,72,,,
537933,2,SI,297,,,
538213,2,NO,247,,,
538254,4,SI,16,,,
538268,3,SI,0,0,0,1
538432,4,SI,44,,,
538438,2,NO,205,,,
538499,4,SI,42,,,
538556,2,NO,257,,,
538572,1,SI,439,,,
538608,2,SI,98,,,
538618,2,SI,86,,,
538625,2,SI,96,,,
538655,2,SI,124,,,
538992,2,SI,185,,,
539169,2,SI,109,,,
539352,2,SI,62,,,
539485,2,SI,131,,,
539497,1,SI,55,,,
539588,2,SI,80,,,
539800,4,SI,27,,,
539831,2,SI,75,,,
540006,2,SI,87,,,
540020,2,SI,50,,,
540178,4,SI,14,,,
540194,2,SI,63,,,
540737,4,SI,0,0,0,56
540738,4,SI,17,,,
540742,3,SI,13,,,
540804,2,SI,50,,,
540832,4,SI,0,,,
540882,4,SI,5,,,
540916,4,SI,0,,,
540957,2,SI,199,,,
540969,4,SI,15,,,
541029,4,SI,0,0,0,167
541041,4,SI,6,,,
541144,2,SI,57,,,
541243,4,NO,139,,,
541248,4,SI,26,,,
541311,3,SI,33,,,
541431,4,SI,26,,,
541463,2,NO,204,,,
541687,4,NO,148,,,
541892,4,SI,33,,,
541917,4,NO,112,,,
541963,4,SI,0,,,
541998,2,NO,205,,,
542047,4,NO,141,,,
542349,2,SI,207,,,
542351,2,SI,91,,,
542477,2,NO,261,,,
542553,2,NO,296,,,
542619,4,SI,12,,,
542628,4,NO,124,,,
542651,4,SI,31,,,
542749,4,SI,0,0,0,49
542767,4,SI,17,,,
542818,3,SI,31,,,
542855,2,SI,156,,,
542881,4,SI,1,,,
542899,3,SI,33,,,
543320,2,SI,54,,,
543667,4,NO,41,,,
543904,2,SI,131,,,
543964,2,SI,56,,,
544026,2,SI,74,,,
544099,2,SI,114,,,
544109,2,SI,56,,,
544253,1,SI,423,,,
544324,4,NO,141,,,
544382,2,SI,51,,,
544386,2,SI,62,,,
544410,2,NO,199,,,
544427,2,NO,190,,,
544428,4,SI,31,,,
544599,4,SI,18,,,
544601,4,SI,1,,,
544618,4,SI,4,,,
544812,4,SI,47,,,
544850,2,SI,90,,,
544981,4,SI,1,,,
544987,2,SI,51,,,
545018,2,NO,206,,,
545066,4,SI,3,,,
545093,4,SI,32,,,
545181,2,NO,381,,,
545271,4,NO,153,,,
545294,4,SI,36,,,
545323,2,SI,136,,,
545371,2,SI,317,,,
545393,4,SI,0,,,
545506,4,NO,143,,,
545598,2,SI,60,,,
545647,4,SI,42,,,
545673,2,SI,130,,,
545781,2,SI,100,,,
545932,1,SI,227,,,
546121,4,SI,13,,,
546244,4,SI,20,,,
546301,3,SI,1,,,
546386,2,SI,50,,,
546403,2,SI,270,,,
546519,2,SI,160,,,
546564,4,SI,42,,,
546628,2,SI,66,,,
546697,4,SI,19,,,
546737,4,SI,29,,,
546765,4,SI,3,,,
546861,1,NO,235,,,
547028,4,SI,30,,,
547030,2,SI,70,,,
547078,4,SI,27,,,
547173,4,NO,151,,,
547205,2,SI,79,,,
547230,2,SI,100,,,
547253,2,SI,88,,,
547260,4,SI,36,,,
547287,2,SI,143,,,
547413,4,NO,153,,,
547436,2,SI,97,,,
547556,4,NO,78,,,
547746,3,SI,22,,,
547865,2,SI,96,,,
547876,3,SI,20,,,
547896,4,SI,27,,,
547900,2,SI,106,,,
547905,2,SI,92,,,
547941,4,SI,23,,,
547968,4,SI,37,,,
548152,4,SI,0,0,0,131
548267,2,SI,75,,,
548295,4,NO,127,,,
548496,4,NO,118,,,
548506,4,SI,40,,,
548615,2,SI,205,,,
548696,2,SI,163,,,
548731,4,NO,72,,,
548814,2,SI,214,,,
549165,2,NO,257,,,
549304,2,NO,219,,,
549313,2,SI,70,,,
549362,4,SI,44,,,
549422,4,SI,15,,,
549538,4,SI,9,,,
549634,2,SI,61,,,
549639,2,NO,242,,,
549654,2,SI,121,,,
549722,2,SI,197,,,
549795,2,SI,320,,,
549808,3,SI,37,,,
549866,2,SI,74,,,
549938,4,SI,24,,,
550075,2,SI,151,,,
550326,4,SI,0,0,0,111
550615,4,SI,0,,,
550659,2,SI,320,,,
550751,2,SI,70,,,
551002,2,SI,51,,,
551138,3,SI,0,0,0,2
551152,4,NO,131,,,
551152,2,SI,115,,,
551155,3,SI,16,,,
551173,4,SI,25,,,
551281,2,SI,84,,,
551316,4,NO,35,,,
551327,4,SI,27,,,
551371,2,NO,574,,,
551417,4,SI,16,,,
551433,4,SI,12,,,
551506,4,NO,87,,,
551552,2,SI,141,,,
551602,2,SI,82,,,
551617,2,SI,88,,,
551717,3,SI,13,,,
551732,2,SI,127,,,
551740,3,NO,0,0,0,1
551908,2,SI,92,,,
551939,4,SI,14,,,
551998,2,SI,266,,,
552020,4,SI,3,,,
552113,4,NO,184,,,
552517,4,SI,16,,,
552545,3,SI,27,,,
552606,4,NO,174,,,
552661,2,NO,422,,,
552691,4,SI,31,,,
552780,4,SI,24,,,
552796,4,SI,1,,,
552813,4,SI,30,,,
552836,4,NO,175,,,
552940,3,SI,0,0,0,2
553037,4,NO,78,,,
553140,4,NO,34,,,
553251,2,SI,67,,,
553311,2,SI,224,,,
553522,4,SI,6,,,
553653,2,SI,53,,,
553781,2,SI,211,,,
553816,2,NO,204,,,
553935,2,SI,57,,,
554031,4,NO,106,,,
554046,4,SI,5,,,
554123,3,SI,5,,,
554213,4,NO,65,,,
554320,4,SI,0,0,0,92
554482,4,SI,0,,,
554721,2,SI,211,,,
554725,3,SI,20,,,
554750,2,SI,81,,,
554802,2,NO,464,,,
555002,4,SI,40,,,
555021,2,NO,249,,,
555064,4,NO,181,,,
555077,2,NO,387,,,
555332,2,NO,276,,,
555421,3,SI,0,0,0,2
555451,4,NO,121,,,
555454,2,SI,73,,,
555753,4,SI,0,,,
555835,4,SI,39,,,
556017,4,SI,0,0,0,125
556203,3,NO,1,0,0,10
556473,4,SI,18,,,
556592,4,SI,18,,,
556667,4,SI,47,,,
556680,4,SI,7,,,
556901,2,SI,133,,,
556927,2,SI,99,,,
557334,4,NO,50,0,0,152
557411,2,NO,239,,,
557510,2,SI,79,,,
557784,2,SI,98,,,
557954,4,NO,184,,,
558259,4,SI,0,,,
558407,4,SI,19,,,
558479,4,SI,46,,,
558542,2,SI,58,,,
558703,2,SI,258,,,
558898,4,NO,151,,,
559056,2,SI,341,,,
559069,2,SI,81,,,
559082,4,NO,136,,,
559106,4,SI,22,,,
559291,2,SI,116,,,
559586,4,SI,6,,,
559606,2,SI,144,,,
559680,4,SI,0,0,0,25
559758,2,SI,115,,,
559846,2,SI,179,,,
559929,2,SI,137,,,
559972,3,SI,0,0,0,2
560042,2,SI,181,,,
560058,4,NO,163,,,
560187,4,SI,41,,,
560254,2,SI,75,,,
560405,4,SI,0,0,0,169
560407,2,SI,174,,,
560475,4,NO,183,,,
560564,4,SI,3,,,
560623,4,NO,141,,,
560653,1,SI,154,,,
560770,4,SI,0,,,
561129,1,SI,90,,,
561134,4,SI,3,,,
561483,2,SI,100,,,
561637,2,SI,83,,,
561669,4,SI,1,,,
561700,2,SI,73,,,
561741,1,SI,56,,,
561797,2,SI,89,,,
562000,4,SI,5,,,
562098,2,SI,155,,,
562167,2,SI,61,,,
562182,4,SI,22,,,
562328,4,SI,27,,,
562505,2,SI,67,,,
562525,4,NO,74,,,
562543,3,SI,18,,,
562608,2,SI,74,,,
562637,4,SI,26,,,
562642,2,SI,97,,,
562743,2,SI,53,,,
562790,4,NO,157,,,
562823,2,SI,61,,,
562971,2,SI,140,,,
562986,4,SI,27,,,
563186,2,SI,50,,,
563197,4,SI,8,,,
563487,3,SI,0,,,
563545,4,SI,3,,,
563725,4,SI,8,,,
563890,4,SI,31,,,
563969,4,SI,6,,,
564040,4,SI,11,,,
564062,3,SI,0,0,0,2
564085,4,SI,48,,,
564214,4,SI,19,,,
564217,4,SI,0,0,0,37
564346,1,SI,95,,,
564366,2,SI,89,,,
564395,4,SI,14,,,
564486,2,SI,54,,,
564514,1,SI,163,,,
564847,4,SI,5,,,
564908,4,SI,0,,,
565121,4,SI,18,,,
565137,4,NO,150,,,
565193,4,NO,1,0,0,54
565238,4,NO,188,,,
565609,3,SI,0,0,0,2
565743,4,NO,117,,,
565881,4,SI,12,,,
565938,4,SI,30,,,
566001,4,NO,183,,,
566003,3,SI,0,0,0,7
566223,3,NO,179,,,
566229,4,SI,5,,,
566325,2,SI,140,,,
566490,2,SI,61,,,
566498,2,SI,60,,,
566508,4,SI,0,,,
566553,3,SI,0,0,0,2
566689,2,SI,52,,,
566711,2,NO,258,,,
566795,2,SI,266,,,
566824,2,SI,72,,,
566897,2,SI,70,,,
566953,1,SI,137,,,
567360,4,NO,43,,,
567409,4,SI,20,,,
567409,4,SI,20,,,
567667,4,NO,117,,,
567731,4,NO,108,,,
568083,3,SI,0,0,0,3
568144,4,SI,29,,,
568155,4,NO,164,,,
568261,4,SI,0,0,0,110
568266,4,SI,23,,,
568392,2,SI,51,,,
568440,3,SI,12,,,
568457,2,SI,62,,,
568496,4,SI,1,,,
568545,4,SI,25,,,
568549,2,SI,159,,,
568609,2,SI,61,,,
568634,4,NO,116,,,
568664,4,NO,126,,,
568686,4,SI,13,,,
568830,3,SI,0,,,
568839,4,SI,41,,,
568873,3,SI,0,0,0,2
568882,2,SI,127,,,
569160,2,SI,61,,,
569192,2,SI,116,,,
569294,2,SI,114,,,
569296,4,SI,45,,,
569343,3,SI,0,0,0,10
569388,4,SI,0,0,0,85
569432,2,SI,98,,,
569567,2,SI,79,,,
569693,3,SI,0,,,
569774,2,SI,82,,,
569795,2,SI,176,,,
569866,4,SI,29,,,
569892,3,SI,0,0,0,2
569933,4,NO,177,,,
570154,2,SI,63,,,
570212,4,NO,174,,,
570219,4,NO,62,,,
570285,4,SI,4,,,
570337,4,SI,45,,,
570345,4,NO,163,,,
570355,4,SI,13,,,
570418,2,SI,297,,,
570425,2,SI,108,,,
570454,4,SI,24,,,
570538,4,SI,41,,,
570649,4,NO,94,,,
570796,3,SI,1,,,
570929,4,SI,6,,,
570991,2,SI,65,,,
571011,4,SI,0,,,
571037,2,NO,193,,,
571057,2,SI,68,,,
571220,4,SI,45,,,
571290,4,SI,7,,,
571348,2,SI,213,,,
571500,2,SI,446,,,
571628,4,SI,12,,,
571653,4,SI,25,,,
571654,4,SI,3,,,
571695,2,SI,82,,,
571746,4,NO,31,,,
571767,4,SI,24,,,
571819,4,SI,21,,,
571885,4,SI,39,,,
571889,4,NO,119,,,
571930,4,NO,106,,,
571937,4,SI,12,,,
572009,4,SI,29,,,
572091,2,SI,54,,,
572329,2,SI,234,,,
572362,4,SI,0,,,
572527,2,SI,85,,,
572730,4,SI,27,,,
572788,2,SI,101,,,
572998,4,SI,46,,,
573009,2,SI,257,,,
573037,2,SI,57,,,
573109,2,SI,68,,,
573327,3,SI,1,,,
573395,2,SI,142,,,
573491,4,SI,22,,,
573541,4,NO,140,,,
573653,4,SI,22,,,
573699,4,NO,41,,,
573731,4,NO,184,,,
573898,2,SI,555,,,
574163,3,SI,0,0,0,2
574320,2,SI,172,,,
574368,4,SI,31,,,
574444,2,SI,58,,,
574610,4,NO,141,,,
574628,4,SI,5,,,
574880,4,SI,26,,,
574885,4,SI,0,,,
574885,4,SI,40,,,
574945,1,SI,69,,,
574990,2,SI,121,,,
575217,1,SI,113,,,
575242,4,SI,26,,,
575709,2,NO,353,,,
575805,4,SI,29,,,
575855,4,SI,14,,,
575946,4,SI,3,,,
576149,2,SI,114,,,
576281,2,SI,100,,,
576338,2,SI,60,,,
576346,2,SI,66,,,
576520,2,SI,85,,,
576550,4,SI,29,,,
576583,2,SI,109,,,
576604,2,SI,98,,,
576646,2,SI,115,,,
576845,4,SI,27,,,
576908,3,SI,6,,,
576983,1,SI,71,,,
577218,2,SI,54,,,
577284,4,SI,36,,,
577285,4,SI,0,,,
577300,2,SI,56,,,
577465,2,NO,316,,,
577505,4,SI,24,,,
577644,4,SI,14,,,
577646,4,NO,167,,,
577889,4,SI,13,,,
578061,4,SI,0,0,0,110
578062,2,SI,65,,,
578128,4,NO,84,,,
578231,2,SI,94,,,
578263,4,SI,19,,,
578391,2,SI,131,,,
578506,4,SI,2,,,
578508,4,SI,0,0,0,137
578557,2,SI,136,,,
578595,4,SI,0,,,
578740,4,SI,3,,,
578772,2,SI,127,,,
578781,4,SI,0,0,0,113
578798,4,SI,2,,,
578814,2,SI,145,,,
578864,4,NO,108,,,
578874,3,SI,13,,,
579046,4,NO,83,,,
579087,4,SI,14,,,
579299,2,NO,338,,,
579480,2,SI,62,,,
579557,4,NO,11,,,
579597,2,SI,51,,,
579757,2,SI,178,,,
579829,2,NO,235,,,
579846,2,SI,100,,,
579901,2,SI,100,,,
579907,4,SI,15,,,
580032,2,SI,227,,,
580133,4,SI,32,,,
580155,4,SI,40,,,
580196,4,NO,45,0,0,214
580220,4,SI,19,,,
580385,4,NO,123,,,
580521,1,SI,154,,,
580524,3,SI,22,,,
580547,4,SI,38,,,
580549,2,SI,143,,,
580606,2,SI,179,,,
580641,2,SI,226,,,
580800,3,SI,0,0,0,2
580834,4,SI,18,,,
580879,2,SI,77,,,
580902,3,SI,3,,,
581010,4,SI,6,,,
581367,4,SI,19,,,
581444,4,SI,28,,,
581476,2,SI,96,,,
581581,2,SI,71,,,
581607,4,SI,0,0,0,116
581619,1,SI,129,,,
581671,2,SI,73,,,
581679,4,NO,159,,,
581850,4,SI,14,,,
581953,4,NO,126,,,
581989,2,SI,107,,,
582092,4,NO,106,,,
582187,3,SI,0,,,
582194,2,NO,209,,,
582314,3,SI,49,,,
582324,4,NO,115,,,
582376,3,SI,0,0,0,1
582406,4,SI,0,0,0,87
582521,4,NO,124,,,
582537,2,NO,413,,,
582891,2,SI,220,,,
583027,4,NO,104,,,
583436,4,NO,59,,,
583466,4,SI,0,0,0,188
583470,4,NO,182,,,
583516,2,NO,287,,,
583550,3,SI,0,0,0,1
583561,4,SI,0,,,
583580,4,SI,39,,,
583580,4,NO,150,,,
583639,4,SI,0,0,0,123
583644,4,SI,0,0,0,125
583726,3,SI,0,0,0,4
583893,4,SI,49,,,
584197,2,SI,125,,,
584236,3,SI,8,,,
584495,2,SI,80,,,
584552,4,SI,10,,,
584644,2,SI,67,,,
584701,2,NO,393,,,
584767,4,NO,189,,,
584821,3,SI,0,0,0,2
584975,4,SI,0,,,
585025,2,SI,202,,,
585140,4,SI,5,,,
585153,4,SI,25,,,
585168,2,SI,142,,,
585207,4,SI,23,,,
585219,2,SI,169,,,
585309,2,SI,174,,,
585322,4,SI,0,0,3,
585538,3,SI,26,,,
585550,4,SI,37,,,
585573,4,SI,32,,,
585579,2,SI,159,,,
585661,3,SI,2,,,
585671,2,SI,193,,,
585732,1,SI,174,,,
585803,2,SI,128,,,
585843,3,SI,18,,,
585847,4,SI,17,,,
585949,3,SI,0,0,0,2
585959,2,SI,79,,,
585969,1,SI,86,,,
586022,4,SI,20,,,
586063,4,NO,63,,,
586243,2,SI,215,,,
586705,2,SI,88,,,
586711,2,SI,71,,,
586716,4,SI,30,,,
586847,2,SI,87,,,
587000,4,SI,0,,,
587065,2,SI,71,,,
587222,3,SI,0,0,0,2
587231,4,SI,7,,,
587387,4,SI,48,,,
587392,2,SI,103,,,
587409,3,SI,0,0,0,2
587417,2,SI,55,,,
587418,4,SI,3,,,
587524,4,SI,0,0,0,71
587542,2,SI,50,,,
587569,2,NO,268,,,
587773,2,SI,213,,,
587877,4,NO,128,,,
588058,4,NO,162,,,
588155,2,SI,232,,,
588182,4,SI,30,,,
588255,2,NO,582,,,
588462,2,SI,74,,,
588550,3,SI,1,,,
588620,4,SI,37,,,
588632,3,SI,5,,,
588668,2,SI,125,,,
588706,2,SI,117,,,
588780,4,SI,3,,,
588964,4,SI,16,,,
589052,2,SI,71,,,
589122,4,SI,8,,,
589124,4,SI,29,,,
589332,2,SI,191,,,
589456,4,SI,3,,,
589734,2,SI,82,,,
589744,2,SI,188,,,
589745,4,SI,10,,,
589780,4,SI,22,,,
589785,2,SI,114,,,
590073,2,SI,113,,,
590100,2,SI,107,,,
590114,3,SI,35,,,
590185,2,NO,251,,,
590293,2,SI,58,,,
590300,2,SI,97,,,
590646,2,NO,367,,,
590856,2,SI,325,,,
590888,4,SI,18,,,
590905,4,SI,31,,,
590975,4,SI,20,,,
591096,4,SI,21,,,
591130,2,SI,94,,,
591277,2,SI,204,,,
591319,2,SI,104,,,
591356,4,SI,10,,,
591461,4,SI,46,,,
591576,2,SI,81,,,
591674,2,SI,73,,,
591809,4,SI,28,,,
591911,4,SI,0,0,0,111
591934,3,SI,6,,,
592109,2,SI,742,,,
592145,2,NO,276,,,
592168,4,SI,0,,,
592309,4,SI,48,,,
592349,3,SI,30,,,
592444,4,SI,27,,,
592519,2,SI,115,,,
592523,4,NO,177,,,
592546,2,SI,218,,,
592615,2,SI,80,,,
592742,2,SI,199,,,
592772,4,NO,136,,,
592798,4,SI,8,,,
593000,4,NO,120,,,
593012,4,SI,20,,,
593500,2,NO,253,,,
593544,2,NO,360,,,
593587,4,SI,42,,,
593634,2,SI,164,,,
593778,2,SI,127,,,
593966,4,SI,2,,,
594037,4,SI,0,0,0,25
594177,2,SI,84,,,
594205,3,SI,9,,,
594315,4,SI,6,,,
594377,4,SI,12,,,
594549,4,SI,6,,,
594582,3,NO,95,,,
594586,2,NO,224,,,
594683,2,SI,83,,,
594785,2,SI,73,,,
594904,2,SI,96,,,
595050,2,SI,70,,,
595088,2,NO,1029,,,
595098,2,NO,315,,,
595380,2,SI,85,,,
595388,2,SI,133,,,
595518,2,SI,196,,,
595548,3,NO,150,,,
595563,2,SI,206,,,
595575,4,NO,103,,,
595927,2,SI,95,,,
596144,3,SI,10,,,
596187,2,SI,326,,,
596307,3,SI,0,,,
596333,4,SI,0,0,0,102
596399,4,SI,25,,,
596711,2,SI,60,,,
596721,2,NO,261,,,
596768,1,SI,72,,,
597119,2,NO,225,,,
597142,4,SI,48,,,
597261,3,SI,36,,,
597308,2,SI,51,,,
597329,4,NO,30,0,0,40
597342,2,SI,100,,,
597367,2,SI,80,,,
597368,4,SI,14,,,
597576,4,SI,1,,,
597579,1,SI,115,,,
597603,4,SI,13,,,
597633,2,SI,92,,,
597636,4,SI,34,,,
597724,2,SI,114,,,
597749,4,NO,157,,,
598121,1,SI,193,,,
598244,4,SI,1,,,
598320,4,NO,6,1,,
598552,4,SI,8,,,
598759,2,SI,60,,,
598772,2,SI,80,,,
598830,4,NO,116,,,
598949,1,SI,92,,,
599187,2,NO,241,,,
599395,3,SI,0,0,0,2
599478,2,SI,526,,,
599533,1,SI,84,,,
599675,2,SI,110,,,
599779,2,SI,206,,,
599806,3,SI,4,,,
599814,2,SI,63,,,
600033,2,SI,104,,,
600160,4,NO,174,,,
600247,2,NO,224,,,
600317,2,SI,130,,,
600345,4,SI,21,,,
600396,4,SI,10,,,
600612,4,SI,37,,,
600706,2,SI,91,,,
600824,4,NO,105,,,
601020,3,SI,36,,,
601076,4,SI,26,,,
601138,2,SI,82,,,
601216,4,SI,37,,,
601221,2,SI,165,,,
601332,4,SI,7,,,
601333,4,NO,163,,,
601423,2,SI,68,,,
601441,1,SI,73,,,
601528,2,SI,224,,,
601704,4,SI,46,,,
601805,4,SI,33,,,
601874,4,SI,0,0,0,186
601896,3,SI,0,0,0,1
602105,4,NO,188,,,
602373,4,SI,1,,,
602444,2,SI,230,,,
602498,2,SI,57,,,
602575,2,NO,270,,,
602626,2,NO,225,,,
602860,4,SI,6,,,
602909,2,SI,106,,,
602937,2,SI,108,,,
603048,2,SI,81,,,
603085,3,SI,0,0,0,4
603357,4,SI,3,,,
603389,4,SI,34,,,
603601,2,SI,109,,,
603640,4,SI,45,,,
603766,4,SI,0,,,
603823,2,SI,116,,,
603834,3,SI,0,0,0,1
604061,3,SI,6,,,
604098,2,NO,225,,,
604162,2,NO,240,,,
604226,4,NO,141,,,
604261,1,SI,68,,,
604341,2,NO,190,,,
604364,4,NO,3,,,
604416,2,SI,243,,,
604504,4,SI,18,,,
604552,4,SI,0,,,
604607,1,SI,96,,,
604615,4,NO,172,,,
604819,2,SI,99,,,
604821,3,SI,0,0,0,2
604826,2,SI,234,,,
604844,2,SI,198,,,
605291,2,SI,56,,,
605298,4,SI,6,,,
605326,4,SI,21,,,
605487,2,NO,193,,,
605603,4,SI,3,,,
605796,2,SI,56,,,
605799,2,NO,453,,,
605811,2,NO,217,,,
605833,4,SI,22,,,
605940,4,NO,129,,,
605965,3,SI,0,0,0,2
606141,2,NO,279,,,
606147,4,SI,18,,,
606277,4,SI,0,,,
606362,2,SI,79,,,
606395,4,SI,4,,,
606408,2,SI,53,,,
606703,4,SI,4,,,
606765,4,SI,0,0,0,65
606813,3,SI,2,,,
607039,2,SI,64,,,
607126,3,SI,36,,,
607172,3,SI,0,0,0,7
607174,4,NO,113,,,
607209,2,SI,66,,,
607330,4,NO,116,,,
607440,2,SI,124,,,
607559,4,SI,44,,,
607774,4,SI,24,,,
607827,2,NO,247,,,
607867,2,SI,133,,,
607868,2,SI,139,,,
607889,4,SI,0,0,6,
608000,4,SI,0,,,
608170,4,SI,15,,,
608209,2,SI,124,,,
608231,4,SI,19,,,
608277,2,SI,120,,,
608316,4,SI,3,,,
608368,4,SI,39,,,
608443,2,NO,196,,,
608505,3,SI,5,,,
608887,3,SI,15,,,
608890,4,NO,123,,,
608918,2,SI,167,,,
608939,2,SI,57,,,
608939,4,SI,43,,,
608981,2,SI,89,,,
609136,4,NO,168,,,
609306,4,SI,0,,,
609350,4,SI,0,,,
609353,2,SI,100,,,
609369,4,SI,0,0,0,39
609445,2,SI,55,,,
609588,2,SI,96,,,
609738,2,NO,236,,,
609771,2,NO,289,,,
609979,4,SI,45,,,
610191,4,SI,10,,,
610286,2,SI,58,,,
610473,4,SI,0,,,
610615,3,SI,0,0,0,2
610634,4,SI,36,,,
610763,4,NO,114,,,
610790,2,SI,108,,,
610817,4,SI,9,,,
611055,4,NO,30,,,
611155,4,NO,159,,,
611202,2,SI,107,,,
611244,4,SI,11,,,
611321,2,SI,132,,,
611576,2,SI,135,,,
611576,4,SI,8,,,
611617,4,NO,89,,,
611705,4,SI,2,,,
611797,4,SI,5,,,
611949,4,SI,36,,,
612031,2,SI,188,,,
612099,2,SI,351,,,
612143,2,NO,290,,,
612299,4,SI,24,,,
612333,4,NO,187,,,
612459,2,SI,56,,,
612596,4,SI,17,,,
612680,4,SI,0,0,0,68
612753,4,SI,11,,,
612855,3,SI,0,0,0,1
612943,4,SI,2,,,
613056,4,SI,42,,,
613112,4,SI,6,,,
613337,4,SI,0,0,0,26
613422,3,SI,25,,,
613646,4,SI,3,,,
613708,2,NO,196,,,
613766,4,SI,6,,,
613802,2,SI,103,,,
613899,2,SI,91,,,
613948,2,NO,209,,,
614014,3,SI,0,0,0,2
614058,4,NO,152,,,
614083,2,NO,306,,,
614193,2,SI,211,,,
614289,4,SI,30,,,
614318,4,SI,2,,,
614382,4,SI,26,,,
614417,4,SI,1,,,
614486,4,NO,172,,,
614492,1,SI,501,,,
614503,4,SI,0,0,0,138
614504,2,SI,87,,,
614551,4,SI,5,,,
614569,1,SI,256,,,
614775,2,SI,54,,,
614833,2,NO,405,,,
614969,4,NO,77,,,
615062,3,SI,0,0,0,2
615098,3,SI,0,,,
615294,4,SI,6,,,
615295,2,SI,178,,,
615297,2,SI,367,,,
615298,4,SI,25,,,
615513,4,SI,24,,,
615644,2,NO,214,,,
615698,4,NO,172,,,
615705,3,SI,17,,,
615771,2,SI,286,,,
615998,2,NO,350,,,
616140,3,SI,0,0,0,2
616188,4,SI,48,,,
616392,2,SI,125,,,
616557,2,SI,122,,,
616608,2,SI,94,,,
616826,4,SI,13,,,
616832,4,SI,47,,,
616848,1,SI,143,,,
616909,2,NO,270,,,
616985,2,SI,54,,,
617039,4,NO,142,,,
617057,4,SI,5,,,
617076,2,SI,79,,,
617102,2,SI,97,,,
617165,2,NO,208,,,
617345,4,SI,12,,,
617457,4,SI,37,,,
617458,2,SI,89,,,
617473,2,SI,237,,,
617802,4,NO,184,,,
617852,4,SI,3,,,
617870,2,SI,237,,,
617952,4,SI,16,,,
618033,2,SI,112,,,
618131,2,SI,88,,,
618132,2,SI,61,,,
618143,4,NO,166,,,
618165,2,SI,127,,,
618754,2,NO,238,,,
618763,4,SI,13,,,
619058,4,SI,33,,,
619155,4,SI,3,,,
619163,4,SI,16,,,
619589,2,SI,161,,,
619614,4,SI,1,,,
619633,4,SI,45,,,
619715,4,SI,9,,,
619860,4,SI,33,,,
619867,2,SI,182,,,
619875,2,SI,88,,,
619977,4,SI,47,,,
620114,4,SI,31,,,
620237,2,SI,112,,,
620335,4,SI,44,,,
620359,4,SI,3,,,
620391,2,SI,115,,,
620475,4,SI,15,,,
620502,2,NO,463,,,
620511,2,SI,58,,,
620568,2,SI,246,,,
620587,4,SI,9,,,
620595,2,SI,63,,,
620602,2,SI,223,,,
620657,2,SI,110,,,
620695,4,NO,165,,,
620835,2,SI,61,,,
621233,4,SI,29,,,
621244,4,SI,17,,,
621332,4,NO,66,,,
621383,2,SI,103,,,
621585,2,SI,80,,,
621707,2,SI,57,,,
621859,2,SI,123,,,
621930,4,SI,42,,,
622013,3,SI,0,0,0,1
622174,4,SI,0,,,
622259,4,SI,39,,,
622268,4,SI,46,,,
622397,2,SI,84,,,
622424,2,SI,98,,,
622445,4,NO,72,,,
622457,2,NO,216,,,
622510,4,SI,0,,,
622523,2,SI,57,,,
622883,2,SI,58,,,
623024,4,SI,40,,,
623091,4,NO,155,,,
623207,4,SI,41,,,
623308,4,SI,37,,,
623325,2,SI,168,,,
623391,4,NO,130,,,
623521,3,SI,49,,,
623537,4,SI,20,,,
623667,2,SI,199,,,
623698,4,NO,146,,,
623717,4,SI,10,,,
623757,2,SI,140,,,
623807,4,NO,167,,,
623893,4,SI,0,0,0,66
623968,3,SI,0,0,0,2
624208,2,SI,245,,,
624242,2,SI,57,,,
624282,4,SI,41,,,
624339,2,SI,70,,,
624351,4,SI,30,,,
624410,4,NO,162,,,
624457,2,SI,89,,,
624548,2,SI,89,,,
624642,4,NO,166,,,
624693,4,SI,49,,,
624782,4,SI,15,,,
624931,4,SI,23,,,
624962,2,SI,139,,,
625056,2,NO,372,,,
625090,4,NO,124,,,
625256,2,SI,147,,,
625299,4,SI,25,,,
625368,2,SI,56,,,
625634,4,NO,132,,,
625637,4,SI,37,,,
626011,4,SI,39,,,
626227,2,SI,210,,,
626273,4,SI,29,,,
626276,2,SI,139,,,
626473,2,SI,75,,,
626479,3,SI,32,,,
626611,3,SI,0,0,0,2
626789,2,SI,272,,,
626792,2,SI,115,,,
627050,2,SI,60,,,
627213,2,SI,132,,,
627219,4,SI,3,,,
627242,4,SI,1,0,0,123
627273,2,SI,83,,,
627416,3,SI,0,0,0,1
627513,4,NO,49,,,
627631,2,SI,76,,,
627678,4,NO,142,,,
627858,4,SI,0,0,0,79
628078,4,SI,41,,,
628138,4,SI,9,,,
628196,2,SI,54,,,
628307,4,SI,18,,,
628343,4,SI,24,,,
628365,2,NO,228,,,
628381,4,SI,6,,,
628463,3,SI,13,,,
628769,4,SI,6,,,
628815,2,SI,84,,,
628955,2,SI,96,,,
628980,4,NO,141,,,
628985,4,SI,7,,,
629084,1,SI,129,,,
629189,2,SI,107,,,
629206,3,SI,30,,,
629248,1,SI,67,,,
629292,3,SI,0,,,
629582,4,SI,42,,,
629654,2,SI,370,,,
629658,4,SI,22,,,
629674,2,SI,69,,,
629911,2,NO,266,,,
629949,2,SI,172,,,
630012,4,NO,30,,,
630053,2,NO,234,,,
630056,2,SI,86,,,
630060,2,SI,99,,,
630122,4,SI,12,,,
630311,3,NO,155,,,
630402,4,SI,16,,,
630468,4,SI,0,,,
631064,4,SI,31,,,
631142,4,SI,0,,,
631255,4,SI,0,,,
631266,3,SI,4,,,
631277,4,SI,16,,,
631292,4,SI,0,0,0,150
631551,2,SI,183,,,
631601,2,SI,206,,,
631626,4,SI,0,,,
631635,4,SI,16,,,
631668,2,SI,85,,,
631857,2,SI,58,,,
631865,2,SI,234,,,
631977,2,SI,164,,,
632041,4,NO,171,,,
632209,3,SI,0,0,0,1
632307,4,NO,31,,,
632517,4,SI,9,,,
632532,2,SI,56,,,
632585,1,SI,98,,,
632696,4,SI,0,,,
632700,4,NO,134,,,
632721,4,SI,30,,,
632837,4,SI,0,,,
632978,4,SI,12,,,
632994,4,SI,49,,,
633143,4,NO,101,,,
633208,4,NO,82,,,
633371,4,SI,38,,,
633467,2,SI,110,,,
633497,4,SI,6,,,
633693,4,SI,5,,,
633697,2,SI,80,,,
633764,2,NO,296,,,
633892,4,SI,24,,,
633963,4,NO,144,,,
634052,2,SI,93,,,
634087,4,NO,134,,,
634105,3,NO,111,,,
634225,2,NO,483,,,
634258,4,SI,32,,,
634466,4,SI,19,,,
634500,4,SI,15,,,
634612,4,SI,11,,,
634687,2,SI,313,,,
634735,4,NO,163,,,
634738,2,NO,214,,,
634832,2,SI,221,,,
634916,3,SI,0,0,0,1
635062,2,NO,362,,,
635411,2,SI,614,,,
635455,4,NO,162,,,
635513,2,SI,218,,,
635808,3,SI,0,0,0,2
635822,4,SI,22,,,
636061,4,SI,35,,,
636105,2,SI,79,,,
636309,4,SI,24,,,
636411,2,NO,592,,,
636483,4,NO,121,,,
636624,2,SI,59,,,
636649,2,SI,66,,,
636678,2,SI,50,,,
636839,4,SI,20,,,
636992,4,SI,2,,,
637000,2,SI,75,,,
637021,4,SI,13,,,
637193,4,SI,0,0,0,82
637427,4,SI,14,,,
637454,2,NO,202,,,
637481,4,NO,165,,,
637490,4,SI,47,,,
637494,2,SI,159,,,
637538,2,SI,72,,,
637606,4,SI,3,,,
637717,4,SI,42,,,
637734,4,SI,22,,,
637925,4,SI,43,,,
638068,4,SI,19,,,
638089,2,SI,66,,,
638117,2,SI,61,,,
638134,4,SI,27,,,
638172,2,SI,56,,,
638183,4,SI,0,0,0,83
638213,2,SI,102,,,
638287,2,SI,62,,,
638330,2,SI,142,,,
638363,2,SI,53,,,
638423,2,SI,146,,,
638487,2,SI,100,,,
638497,4,SI,0,0,0,85
638560,2,SI,123,,,
638643,4,NO,142,,,
638703,2,SI,129,,,
638730,4,SI,8,,,
638731,2,SI,78,,,
638741,4,SI,19,,,
638814,4,SI,10,,,
639106,4,SI,21,,,
639255,4,SI,0,,,
639418,4,NO,144,,,
639451,2,SI,105,,,
639498,2,SI,321,,,
639544,2,SI,101,,,
639670,4,NO,4,,,
639798,4,SI,1,,,
639816,4,SI,39,,,
639847,4,SI,45,,,
639939,2,SI,90,,,
640017,4,SI,3,,,
640068,4,SI,0,,,
640084,2,SI,150,,,
640092,4,SI,30,,,
640152,4,SI,0,0,0,14
640363,1,SI,53,,,
640625,2,SI,100,,,
640838,4,NO,106,,,
640841,2,SI,155,,,
640953,3,SI,11,,,
641020,4,SI,0,0,0,109
641109,3,SI,0,,,
641244,3,SI,0,0,0,1
641359,2,NO,231,,,
641400,4,SI,11,,,
641451,2,SI,61,,,
641544,4,SI,2,,,
641578,4,SI,11,,,
641636,4,SI,11,,,
641646,2,SI,94,,,
641678,2,SI,128,,,
641728,2,SI,53,,,
641776,2,NO,256,,,
641854,2,SI,197,,,
641895,2,NO,201,,,
641918,3,SI,0,0,0,2
642035,4,NO,154,,,
642163,4,SI,11,,,
642169,2,SI,51,,,
642210,2,NO,262,,,
642283,3,SI,0,0,0,3
642348,4,NO,124,,,
642379,4,SI,0,0,0,99
642441,4,NO,183,,,
642464,3,SI,0,0,0,2
642678,3,SI,25,,,
642754,4,SI,1,,,
642941,2,NO,310,,,
643144,2,NO,288,,,
643175,4,SI,0,0,0,38
643390,2,SI,53,,,
643551,2,SI,56,,,
643641,2,SI,111,,,
644174,2,SI,201,,,
644192,2,SI,117,,,
644454,4,NO,61,32,,
644594,2,SI,51,,,
644621,4,NO,104,,,
644706,4,SI,38,,,
644729,4,SI,36,,,
645032,4,NO,120,,,
645057,2,SI,59,,,
645148,4,NO,173,,,
645163,2,SI,118,,,
645250,3,SI,0,0,0,1
645660,4,SI,42,,,
645672,4,NO,137,,,
645677,4,SI,18,,,
645708,4,SI,47,,,
645745,2,NO,303,,,
645754,4,SI,38,,,
645941,4,SI,32,,,
646273,4,SI,0,0,0,71
646312,4,SI,10,,,
646384,4,SI,0,0,0,98
646613,2,SI,144,,,
646645,4,SI,0,0,0,82
646774,2,SI,167,,,
646792,4,NO,116,,,
646809,4,SI,49,,,
646967,2,SI,67,,,
646978,4,SI,41,,,
647182,4,SI,8,,,
647313,4,SI,21,,,
647394,2,SI,213,,,
647436,4,SI,47,,,
647443,2,NO,223,,,
647530,4,SI,6,,,
647558,3,SI,42,,,
647633,2,SI,107,,,
647731,4,NO,166,,,
647858,2,NO,211,,,
647890,2,SI,77,,,
647940,2,SI,87,,,
647946,2,SI,99,,,
648220,2,SI,213,,,
648277,4,SI,0,0,1,
648283,4,SI,8,,,
648308,4,NO,160,,,
648366,3,SI,42,,,
648374,4,SI,7,,,
648464,4,SI,17,,,
648556,4,SI,40,,,
648571,4,NO,163,,,
648596,2,SI,157,,,
648601,4,SI,10,,,
648674,4,SI,0,0,0,96
648735,2,SI,449,,,
648747,4,NO,152,,,
648805,4,SI,30,,,
648829,4,NO,164,,,
648849,4,SI,0,,,
649015,3,SI,10,,,
649132,2,SI,140,,,
649160,2,SI,175,,,
649180,4,NO,141,,,
649249,4,SI,7,,,
649254,2,SI,246,,,
649339,4,SI,13,,,
649415,2,NO,191,,,
649452,4,SI,0,,,
649549,4,SI,48,,,
649572,4,SI,29,,,
649598,2,SI,106,,,
649641,3,SI,0,0,0,2
649649,2,SI,101,,,
649776,1,SI,52,,,
649897,4,SI,9,,,
649912,1,SI,106,,,
650056,2,SI,91,,,
650169,4,SI,11,,,
650335,4,NO,146,,,
650477,4,SI,41,,,
650756,2,SI,73,,,
650771,2,SI,129,,,
650798,2,SI,91,,,
650843,2,SI,161,,,
651281,4,SI,47,,,
651337,4,SI,5,,,
651508,4,SI,0,0,0,179
651527,2,NO,200,,,
651543,4,SI,0,0,0,17
651626,2,SI,84,,,
651661,2,NO,245,,,
651674,2,SI,157,,,
651749,4,SI,0,,,
651898,4,SI,34,,,
652019,4,SI,24,,,
652054,2,SI,177,,,
652064,4,NO,161,,,
652089,4,SI,30,,,
652133,2,SI,52,,,
652138,2,NO,193,,,
652151,2,NO,368,,,
652247,4,SI,47,,,
652330,2,SI,90,,,
652338,4,NO,83,,,
652343,4,SI,0,,,
652548,4,SI,0,0,0,9
652702,4,SI,11,,,
652739,2,SI,68,,,
652757,4,SI,23,,,
652785,2,SI,169,,,
652871,4,SI,0,,,
652978,4,NO,180,,,
653025,4,SI,2,,,
653062,4,SI,19,,,
653122,2,SI,99,,,
653201,4,SI,14,,,
653231,4,NO,149,,,
653316,4,SI,0,,,
653521,2,SI,58,,,
653645,4,SI,0,,,
653806,2,NO,429,,,
653919,2,SI,110,,,
654018,1,SI,51,,,
654115,2,SI,52,,,
654246,4,NO,162,,,
654296,4,SI,0,0,10,
654338,2,SI,155,,,
654378,4,SI,0,,,
654396,4,SI,17,,,
654418,4,SI,26,,,
654575,2,NO,234,,,
654603,2,SI,257,,,
654677,2,SI,144,,,
654737,4,SI,26,,,
654783,2,SI,92,,,
654802,4,SI,0,,,
654864,3,SI,0,,,
654928,4,SI,29,,,
654979,4,SI,12,,,
655138,3,SI,0,,,
655188,3,SI,48,,,
655243,2,SI,171,,,
655305,3,SI,6,,,
655364,4,SI,41,,,
655378,2,SI,81,,,
655382,4,SI,40,,,
655393,2,SI,125,,,
655585,4,SI,19,,,
655646,2,NO,235,,,
655693,2,SI,155,,,
655704,2,SI,83,,,
655986,2,NO,254,,,
655998,4,SI,27,,,
656009,1,SI,62,,,
656109,4,NO,126,,,
656128,4,SI,0,0,32,
656176,2,NO,504,,,
656193,4,SI,15,,,
656358,2,SI,121,,,
656380,4,SI,6,,,
656604,2,SI,165,,,
656674,4,SI,0,,,
656678,2,NO,378,,,
656881,4,NO,170,,,
656901,2,SI,64,,,
656936,4,SI,8,,,
656940,4,SI,18,,,
656973,4,SI,34,,,
657026,4,SI,23,,,
657028,2,SI,426,,,
657069,2,SI,110,,,
657103,2,SI,284,,,
657373,4,SI,28,,,
657572,2,SI,168,,,
657601,2,SI,52,,,
657644,4,SI,35,,,
657669,4,SI,16,,,
657851,4,SI,45,,,
657907,2,SI,191,,,
657996,2,SI,99,,,
658034,4,SI,34,,,
658098,4,SI,35,,,
658101,4,SI,2,,,
658165,3,SI,0,0,0,2
658182,2,SI,52,,,
658191,2,NO,352,,,
658457,4,SI,1,,,
658690,4,NO,159,,,
658704,4,SI,0,,,
658867,4,SI,23,,,
658881,2,SI,93,,,
658993,3,SI,0,0,0,1
659099,4,NO,180,0,0,91
659109,2,SI,124,,,
659126,4,NO,122,,,
659188,2,SI,64,,,
659222,2,SI,110,,,
659313,2,SI,66,,,
659428,2,SI,61,,,
659555,4,SI,0,,,
659632,4,SI,10,,,
659665,4,NO,175,,,
659822,4,SI,41,,,
659872,2,NO,207,,,
659998,2,SI,163,,,
660021,4,NO,28,,,
660102,4,SI,24,,,
660110,2,SI,274,,,
660407,4,NO,159,,,
660634,4,SI,11,,,
660871,4,SI,21,,,
660875,2,SI,126,,,
661031,4,SI,10,,,
661091,2,SI,102,,,
661207,4,SI,39,,,
661210,4,SI,12,,,
661219,4,SI,43,,,
661269,4,NO,164,,,
661292,4,SI,26,,,
661300,4,NO,184,,,
661439,2,SI,226,,,
661715,4,SI,43,,,
661945,3,SI,23,,,
662004,4,SI,10,,,
662143,2,SI,197,,,
662347,4,SI,2,,,
662377,4,SI,49,,,
662628,2,SI,263,,,
663131,3,SI,0,0,0,2
663220,2,NO,286,,,
663297,2,NO,226,,,
663363,2,SI,244,,,
663450,2,SI,115,,,
663670,2,NO,211,,,
663960,2,SI,83,,,
664040,4,SI,6,,,
664154,4,NO,169,,,
664198,4,NO,67,,,
664215,2,SI,68,,,
664235,3,SI,17,,,
664293,4,SI,28,,,
664298,4,SI,35,,,
664439,4,SI,21,,,
664492,4,NO,133,,,
664537,4,NO,157,,,
664571,2,SI,97,,,
664666,2,SI,68,,,
664698,3,SI,0,0,0,5
664770,2,NO,223,,,
664825,2,SI,71,,,
665028,4,SI,7,,,
665046,4,SI,21,,,
665079,4,SI,22,,,
665153,2,SI,109,,,
665216,4,NO,177,,,
665227,4,SI,10,,,
665442,2,SI,211,,,
665497,2,SI,74,,,
665544,4,NO,179,,,
665836,1,SI,77,,,
665944,4,NO,104,,,
665957,4,NO,83,,,
666080,3,SI,12,,,
666160,3,SI,0,0,0,7
666165,4,SI,4,,,
666241,2,SI,62,,,
666244,4,NO,150,,,
666368,2,SI,361,,,
666437,2,SI,89,,,
666525,4,SI,48,,,
666598,2,NO,640,,,
666624,2,SI,68,,,
666670,4,NO,107,,,
666799,3,NO,153,,,
666969,2,SI,294,,,
667030,2,SI,52,,,
667107,4,SI,49,,,
667136,4,SI,10,,,
667148,4,SI,7,,,
667347,4,NO,0,0,0,73
667358,4,SI,40,,,
667452,4,SI,0,,,
667508,2,SI,170,,,
667608,2,NO,205,,,
667682,4,SI,43,,,
667786,2,SI,88,,,
667895,4,SI,35,,,
667898,4,SI,8,,,
667938,4,SI,31,,,
668002,2,SI,65,,,
668027,4,SI,23,,,
668053,4,SI,1,,,
668114,2,SI,110,,,
668232,4,SI,6,,,
668251,4,SI,24,,,
668285,4,SI,13,,,
668367,4,SI,20,,,
668482,4,SI,37,,,
668501,2,SI,72,,,
668572,4,SI,38,,,
668604,2,SI,161,,,
668610,2,SI,61,,,
668624,2,SI,93,,,
668655,2,SI,75,,,
668687,4,SI,29,,,
668717,4,SI,4,,,
668827,4,SI,20,,,
668838,3,SI,45,,,
668863,3,SI,0,,,
668908,2,SI,112,,,
668945,2,SI,103,,,
669009,2,SI,94,,,
669053,2,SI,121,,,
669398,3,SI,0,0,0,3
669555,2,SI,255,,,
669611,4,SI,4,,,
669676,4,NO,118,,,
669696,2,SI,87,,,
669853,4,SI,5,,,
669884,4,SI,40,,,
669995,4,NO,33,,,
669999,4,SI,29,,,
670041,2,SI,53,,,
670052,4,SI,18,,,
670143,4,NO,160,,,
670175,4,SI,0,0,0,157
670255,2,SI,178,,,
670376,2,SI,165,,,
670504,2,SI,67,,,
670522,2,SI,55,,,
670695,1,SI,106,,,
670785,4,NO,1,0,,
670969,4,SI,23,,,
671048,4,SI,31,,,
671206,2,SI,50,,,
671218,3,SI,0,0,0,3
671379,4,SI,15,,,
671430,4,SI,6,,,
671753,2,SI,172,,,
671915,4,SI,2,,,
671918,4,SI,36,,,
671993,4,NO,167,,,
672547,4,SI,25,,,
672637,3,SI,23,,,
672685,4,SI,44,,,
672732,2,SI,50,,,
673026,1,SI,221,,,
673161,2,NO,199,,,
673189,4,SI,39,,,
673211,2,SI,81,,,
673213,2,SI,374,,,
673287,4,SI,34,,,
673311,4,SI,6,,,
673590,4,SI,0,0,0,78
673632,2,SI,118,,,
673708,4,SI,26,,,
673782,2,SI,60,,,
673784,4,SI,41,,,
673794,3,SI,0,0,0,2
673797,2,SI,64,,,
673823,4,SI,21,,,
673887,4,SI,40,,,
674102,4,SI,25,,,
674176,4,NO,141,,,
674186,4,SI,0,0,0,27
674214,4,SI,41,,,
674286,2,NO,257,,,
674406,2,SI,89,,,
674556,4,SI,1,,,
674597,2,SI,64,,,
674613,4,SI,33,,,
674671,2,SI,160,,,
674725,4,SI,11,,,
674785,4,SI,27,,,
674917,2,SI,200,,,
675234,3,SI,0,0,0,2
675269,4,SI,40,,,
675326,4,SI,1,,,
675479,4,SI,2,,,
675509,4,NO,172,,,
675613,2,SI,63,,,
675830,4,SI,8,,,
675844,4,NO,137,,,
675873,3,SI,25,,,
675994,2,SI,106,,,
676332,2,SI,158,,,
676353,4,SI,0,,,
676369,2,SI,317,,,
676527,2,NO,283,,,
676538,3,SI,11,,,
676764,4,NO,92,,,
676862,4,SI,18,,,
677138,2,SI,65,,,
677372,4,NO,121,,,
677427,3,SI,14,,,
677468,3,SI,0,,,
677572,4,SI,0,,,
677590,4,SI,2,,,
677597,4,SI,40,,,
677640,4,SI,24,,,
677645,4,SI,7,,,
677812,1,SI,51,,,
677901,4,SI,30,,,
677973,2,SI,95,,,
677983,1,SI,230,,,
678100,4,SI,26,,,
678180,2,SI,55,,,
678249,2,SI,108,,,
678253,4,SI,0,,,
678477,3,SI,0,0,0,2
678497,4,SI,0,0,0,30
678669,2,SI,210,,,
678707,4,NO,104,,,
678774,4,SI,48,,,
678901,2,SI,63,,,
678949,2,SI,57,,,
678978,2,SI,130,,,
679086,4,SI,1,,,
679100,2,NO,190,,,
679129,4,SI,3,,,
679276,4,SI,0,,,
679591,2,SI,108,,,
679799,4,SI,38,,,
680048,2,SI,50,,,
680048,2,NO,234,,,
680174,2,SI,172,,,
680300,2,SI,56,,,
680775,4,SI,0,,,
680781,2,SI,157,,,
681013,2,NO,190,,,
681013,3,SI,1,,,
681045,2,SI,117,,,
681057,4,SI,15,,,
681120,4,SI,6,,,
681141,1,SI,116,,,
681151,4,SI,12,,,
681187,4,SI,3,,,
681349,4,SI,0,0,0,108
681372,4,SI,39,,,
681492,2,SI,57,,,
681852,2,SI,93,,,
681911,2,SI,70,,,
681918,2,SI,55,,,
682025,4,NO,174,,,
682183,4,SI,36,,,
682240,4,SI,0,,,
682324,3,SI,16,,,
682374,4,SI,25,,,
682437,4,SI,19,,,
682446,4,SI,20,,,
682668,2,SI,146,,,
682761,4,NO,172,,,
682775,4,SI,24,,,
683110,2,SI,130,,,
683422,2,SI,97,,,
683433,4,NO,110,,,
683451,3,SI,0,,,
683475,4,SI,12,,,
683492,4,SI,0,0,0,121
683579,2,SI,235,,,
683693,2,SI,68,,,
683723,2,SI,131,,,
684045,1,SI,66,,,
684107,4,SI,0,,,
684154,2,SI,84,,,
684256,4,SI,4,,,
684263,3,SI,0,0,0,10
684396,4,SI,19,,,
684421,2,SI,52,,,
684621,4,NO,117,,,
684626,4,SI,0,0,0,69
684715,4,NO,179,,,
684822,4,SI,5,,,
685067,2,SI,63,,,
685120,4,NO,159,,,
685146,4,SI,1,,,
685284,2,SI,224,,,
685363,4,SI,9,,,
685439,4,SI,5,,,
685479,1,SI,60,,,
685510,2,NO,300,,,
685544,2,SI,204,,,
685549,4,SI,0,0,2,
685558,2,SI,187,,,
685567,4,NO,187,,,
685571,2,NO,214,,,
685578,4,SI,0,,,
685584,2,SI,67,,,
685598,2,SI,54,,,
685789,4,SI,1,,,
686081,4,SI,0,,,
686138,3,SI,0,,,
686188,2,SI,69,,,
686197,4,NO,79,,,
686247,2,SI,182,,,
686253,2,SI,161,,,
686284,2,SI,73,,,
686324,2,SI,69,,,
686339,4,NO,128,,,
686429,4,SI,0,0,0,109
686460,4,SI,49,,,
686519,2,SI,252,,,
686526,3,SI,0,0,0,3
686692,4,SI,2,,,
686865,4,SI,5,,,
686923,2,NO,371,,,
687012,2,SI,61,,,
687363,4,SI,0,,,
687384,2,SI,101,,,
687416,2,SI,84,,,
687482,4,SI,1,,,
687510,4,SI,28,,,
687690,4,NO,182,,,
687746,2,NO,246,,,
687955,2,SI,57,,,
688045,4,SI,44,,,
688101,4,SI,10,,,
688258,4,SI,10,,,
688266,4,SI,5,,,
688312,4,SI,8,,,
688323,4,NO,165,,,
688399,2,SI,90,,,
688414,4,SI,30,,,
688541,3,NO,0,0,0,5
688716,2,NO,224,,,
688964,3,SI,0,0,0,11
688981,4,NO,119,,,
689004,2,NO,325,,,
689024,4,SI,35,,,
689040,4,NO,120,,,
689069,2,NO,381,,,
689144,2,SI,82,,,
689188,4,NO,36,,,
689317,3,SI,0,0,0,1
689343,4,SI,39,,,
689459,4,SI,0,,,
689503,2,SI,54,,,
689597,4,SI,0,,,
690057,4,SI,36,,,
690137,4,SI,22,,,
690137,4,NO,148,,,
690207,2,SI,105,,,
690304,2,SI,66,,,
690526,2,SI,152,,,
690774,3,SI,0,0,0,9
690970,2,SI,132,,,
691112,2,SI,131,,,
691164,3,SI,0,0,0,4
691230,4,SI,29,,,
691244,2,SI,71,,,
691367,4,SI,7,,,
691400,2,NO,282,,,
691402,1,SI,139,,,
691433,2,SI,139,,,
691467,2,SI,215,,,
691488,2,SI,138,,,
691522,1,SI,86,,,
691546,2,SI,73,,,
691551,2,SI,87,,,
691686,2,SI,81,,,
691786,4,SI,23,,,
691852,4,NO,176,,,
692002,4,SI,12,,,
692083,2,SI,98,,,
692159,4,SI,0,0,0,52
692230,2,SI,50,,,
692268,2,SI,203,,,
692380,4,NO,122,,,
692449,2,SI,67,,,
692475,2,NO,381,,,
692669,4,NO,114,,,
692816,4,SI,0,,,
692882,4,SI,7,,,
692977,4,NO,111,,,
692989,4,SI,0,,,
693080,4,SI,37,,,
693170,1,SI,77,,,
693218,2,SI,71,,,
693340,4,SI,38,,,
693463,3,SI,3,,,
693618,2,SI,54,,,
693689,2,SI,75,,,
693901,2,SI,210,,,
693911,4,SI,48,,,
693961,4,SI,43,,,
694160,4,SI,0,,,
694180,4,SI,0,,,
694239,4,SI,41,,,
694265,4,SI,39,,,
694305,2,SI,489,,,
694363,2,SI,159,,,
694403,2,SI,280,,,
694438,4,SI,29,,,
694550,4,SI,30,,,
694590,2,SI,75,,,
694623,4,SI,1,0,7,
695106,3,SI,32,,,
695345,4,SI,3,,,
695459,4,NO,1,0,0,69
695722,4,SI,13,,,
695728,1,SI,172,,,
695881,4,SI,13,,,
695924,2,SI,320,,,
695975,2,SI,65,,,
696020,4,SI,3,,,
696028,2,NO,482,,,
696057,4,NO,140,,,
696130,2,SI,73,,,
696351,2,NO,383,,,
696546,3,SI,0,0,0,2
696594,2,SI,73,,,
696595,2,SI,64,,,
696596,2,SI,107,,,
696617,4,NO,64,,,
696777,4,NO,154,,,
696842,4,SI,26,,,
696979,2,SI,56,,,
697292,2,SI,125,,,
697323,2,NO,338,,,
697476,2,NO,226,,,
697647,2,SI,81,,,
697687,4,SI,0,,,
697698,2,NO,257,,,
697757,4,NO,162,,,
697805,2,SI,59,,,
697845,2,SI,255,,,
697882,4,SI,23,,,
697959,2,SI,141,,,
698149,2,SI,94,,,
698304,2,SI,66,,,
698439,4,SI,5,,,
698468,4,SI,21,,,
698483,4,SI,37,,,
698575,2,SI,107,,,
698852,4,SI,40,,,
699109,3,SI,0,0,0,6
699158,2,SI,168,,,
699222,4,SI,7,,,
699239,4,NO,124,,,
699249,1,SI,80,,,
699375,4,NO,134,,,
699541,2,SI,87,,,
699562,4,NO,122,,,
699611,4,SI,6,,,
700035,4,SI,25,,,
700246,2,SI,145,,,
700313,2,SI,244,,,
700400,4,SI,6,,,
700458,2,SI,64,,,
700597,3,NO,109,,,
700718,2,SI,199,,,
701233,4,SI,15,,,
701275,3,SI,0,0,0,2
701312,4,NO,106,,,
701392,2,SI,295,,,
701409,4,SI,49,,,
701519,3,SI,18,,,
701665,4,SI,3,,,
701685,4,NO,162,,,
701690,4,SI,19,,,
701786,4,NO,111,,,
701941,3,SI,20,,,
701953,2,NO,234,,,
701982,4,SI,15,,,
701991,2,SI,56,,,
702004,4,SI,25,,,
702045,4,SI,35,,,
702132,4,SI,37,,,
702287,4,SI,32,,,
702294,4,SI,0,,,
702332,4,NO,149,,,
702393,4,SI,40,,,
702451,2,SI,94,,,
702491,4,NO,161,,,
702557,4,SI,9,,,
702736,2,SI,191,,,
702836,4,SI,3,,,
702871,2,NO,195,,,
703053,4,SI,38,,,
703169,4,SI,3,,,
703474,2,SI,71,,,
703496,3,SI,26,,,
703548,4,SI,35,,,
703584,4,SI,9,,,
703613,4,SI,11,,,
703618,2,SI,61,,,
703681,4,SI,24,,,
703914,4,SI,0,0,0,137
703998,2,SI,78,,,
704179,4,SI,44,,,
704200,4,NO,56,,,
704206,3,SI,0,0,0,3
704212,2,SI,136,,,
704273,2,SI,77,,,
704370,4,SI,5,,,
704374,2,SI,87,,,
704388,3,SI,41,,,
704615,4,SI,21,,,
704637,2,NO,410,,,
704652,2,SI,61,,,
704925,4,SI,13,0,0,130
704927,2,SI,63,,,
705036,4,SI,12,,,
705164,2,NO,247,,,
705211,4,SI,49,,,
705258,4,SI,45,,,
705284,4,SI,38,,,
705299,4,SI,19,,,
705394,3,SI,0,0,0,1
705462,4,NO,114,,,
705653,4,SI,37,,,
705676,4,NO,147,,,
705725,3,SI,41,,,
705906,4,SI,24,,,
705914,3,NO,0,0,0,5
705989,4,SI,30,,,
706006,2,NO,348,,,
706011,2,SI,168,,,
706016,2,SI,196,,,
706245,4,SI,49,,,
706289,4,SI,7,,,
706386,4,NO,30,0,0,128
706459,4,SI,10,,,
706468,3,SI,0,0,0,2
706477,3,SI,0,,,
706596,2,SI,259,,,
707023,4,SI,41,,,
707176,2,SI,175,,,
707328,4,SI,1,0,0,
707396,2,SI,58,,,
707460,4,SI,26,,,
707642,4,SI,4,,,
707869,4,SI,9,,,
707934,4,NO,0,0,0,48
707975,2,SI,166,,,
708054,2,SI,113,,,
708102,2,SI,174,,,
708163,4,SI,0,,,
708205,4,NO,31,,,
708251,4,SI,0,,,
708513,4,SI,5,,,
708548,4,SI,36,,,
708563,4,SI,11,,,
708575,2,SI,251,,,
708598,4,SI,36,,,
708615,4,SI,7,,,
708634,4,SI,28,,,
708695,2,SI,120,,,
708832,4,NO,124,,,
709088,4,SI,30,,,
709089,4,NO,123,,,
709150,4,SI,12,,,
709282,2,SI,50,,,
709415,3,SI,0,0,0,1
709454,4,SI,8,,,
709488,1,SI,127,,,
709496,4,NO,170,,,
709630,2,SI,145,,,
709668,4,SI,5,,,
709814,2,SI,129,,,
709830,2,NO,209,,,
709832,2,SI,62,,,
709906,4,SI,0,,,
709962,4,SI,31,,,
709991,4,NO,113,,,
710073,2,SI,169,,,
710118,2,SI,194,,,
710193,2,SI,64,,,
710310,2,NO,300,,,
710341,4,NO,175,,,
710441,4,SI,14,,,
710443,4,SI,33,,,
710501,4,NO,182,,,
710599,4,SI,28,,,
710620,4,NO,104,,,
710620,4,SI,49,,,
710634,4,SI,10,,,
710711,2,NO,290,,,
710817,2,SI,59,,,
710820,2,SI,117,,,
710851,4,SI,40,,,
710996,2,NO,323,,,
711009,2,SI,145,,,
711114,4,SI,0,0,0,23
711151,2,SI,85,,,
711160,2,SI,332,,,
711226,2,SI,139,,,
711251,4,NO,174,,,
711538,4,SI,0,0,0,98
711714,4,SI,11,,,
711771,2,NO,197,,,
711791,3,SI,8,,,
711828,2,SI,72,,,
711890,3,NO,54,,,
711898,2,NO,196,,,
711899,3,SI,22,,,
711926,4,NO,160,,,
711984,3,SI,41,,,
712006,4,SI,25,,,
712114,4,SI,10,,,
712129,2,NO,345,,,
712219,2,SI,154,,,
712223,2,SI,56,,,
712278,3,SI,3,,,
712380,4,SI,28,,,
712415,2,SI,53,,,
712473,4,SI,3,,,
712532,4,NO,139,,,
712595,4,SI,2,,,
712679,4,NO,174,,,
712711,4,NO,117,,,
712761,4,SI,21,,,
712938,4,SI,3,,,
713042,2,SI,122,,,
713079,2,SI,103,,,
713171,2,SI,66,,,
713173,3,NO,133,,,
713194,4,SI,0,,,
713334,4,SI,15,,,
713489,1,SI,96,,,
713764,4,SI,14,,,
713801,4,NO,174,,,
713819,4,SI,0,0,0,24
713849,4,SI,43,,,
713947,4,NO,167,,,
714015,2,SI,64,,,
714058,2,SI,129,,,
714151,3,SI,0,0,0,1
714156,2,SI,455,,,
714336,2,SI,95,,,
714348,3,SI,0,,,
714441,2,SI,384,,,
714566,1,SI,78,,,
714710,2,SI,63,,,
714766,4,SI,19,,,
714806,4,NO,88,,,
714909,2,SI,94,,,
714968,2,SI,65,,,
715000,4,SI,13,,,
715046,4,NO,117,,,
715065,4,SI,42,,,
715084,4,SI,5,,,
715418,4,SI,20,,,
715426,4,NO,144,,,
715429,2,SI,116,,,
715492,4,SI,0,,,
715628,2,SI,57,,,
715659,4,NO,185,,,
715873,2,SI,70,,,
716028,2,SI,92,,,
716245,4,SI,22,,,
716297,3,SI,0,0,0,2
716453,4,SI,0,,,
716626,3,SI,12,,,
716638,2,SI,72,,,
716934,4,NO,130,,,
717012,1,SI,84,,,
717041,4,SI,0,,,
717069,4,SI,35,,,
717080,1,SI,55,,,
717150,2,SI,77,,,
717210,4,NO,75,,,
717580,4,NO,31,,,
717610,4,SI,3,,,
717655,4,SI,2,,,
717695,4,SI,25,,,
717873,2,SI,100,,,
717948,4,NO,145,,,
717967,2,SI,77,,,
718052,2,SI,232,,,
718080,2,SI,61,,,
718355,4,NO,95,,,
718425,3,SI,0,0,0,2
718451,4,SI,10,,,
718456,2,SI,141,,,
718470,2,SI,63,,,
718528,3,SI,25,,,
718685,4,SI,40,,,
718750,2,NO,249,,,
718910,4,SI,6,,,
719192,4,SI,48,,,
719285,4,NO,153,,,
719707,4,NO,147,,,
719856,4,NO,119,,,
719916,2,SI,145,,,
719949,2,SI,161,,,
720003,4,SI,15,,,
720086,4,NO,112,,,
720174,4,SI,3,,,
720456,4,SI,0,0,0,150
720656,2,SI,436,,,
720686,4,NO,94,,,
720719,4,NO,73,,,
720770,4,SI,35,,,
720852,4,SI,20,,,
720930,4,NO,159,,,
720946,3,SI,0,,,
720985,4,SI,5,,,
721028,2,SI,55,,,
721142,2,SI,207,,,
721414,2,SI,57,,,
721457,2,SI,123,,,
721460,2,SI,191,,,
721767,4,SI,3,,,
721797,4,SI,35,,,
721830,4,SI,0,0,0,98
721841,2,SI,54,,,
721997,4,NO,103,,,
722074,4,SI,1,,,
722101,2,SI,191,,,
722117,4,SI,5,,,
722203,2,SI,62,,,
722332,4,NO,151,,,
722391,4,SI,33,,,
722649,3,SI,17,,,
722672,4,SI,5,,,
722866,2,SI,115,,,
722918,4,NO,102,,,
722969,1,SI,89,,,
723036,2,NO,309,,,
723050,4,SI,23,,,
723149,4,SI,16,,,
723150,4,SI,24,,,
723435,4,NO,116,,,
723589,4,SI,22,,,
723655,4,SI,17,,,
723956,2,SI,66,,,
724200,2,SI,75,,,
724309,4,NO,144,,,
724383,2,SI,52,,,
724648,4,SI,16,,,
724690,4,SI,2,,,
724826,4,SI,24,,,
724913,4,NO,77,,,
724916,2,NO,267,,,
724977,2,SI,113,,,
725025,2,SI,104,,,
725077,4,SI,32,,,
725128,4,SI,42,,,
725142,3,SI,28,,,
725246,4,SI,10,,,
725308,4,NO,179,,,
725466,4,SI,2,,,
725557,4,SI,0,,,
725634,4,SI,2,,,
725726,2,NO,279,,,
726217,4,SI,7,,,
726234,1,SI,50,,,
726243,4,SI,0,,,
726332,4,SI,25,,,
726476,2,SI,205,,,
726815,4,SI,2,,,
726848,4,SI,21,,,
726866,2,NO,227,,,
727069,2,SI,180,,,
727108,2,SI,73,,,
727113,4,NO,152,,,
727145,2,SI,95,,,
727158,4,SI,38,,,
727262,4,SI,6,,,
727278,4,NO,171,,,
727330,4,SI,0,,,
727345,4,SI,36,,,
727368,4,SI,24,,,
727525,4,SI,0,,,
727646,2,NO,242,,,
727671,2,NO,191,,,
727707,4,SI,15,,,
727857,4,SI,1,,,
727997,4,SI,38,,,
728004,4,SI,37,,,
728117,2,SI,131,,,
728242,4,NO,118,,,
728277,2,SI,79,,,
728360,4,SI,27,,,
728368,2,SI,212,,,
728419,2,SI,180,,,
728604,4,SI,15,,,
728688,2,SI,59,,,
728701,2,SI,89,,,
728723,4,SI,48,,,
728845,2,SI,77,,,
728865,4,SI,1,,,
728866,4,NO,68,,,
728901,2,SI,129,,,
728914,4,SI,19,,,
728925,2,SI,67,,,
729093,4,NO,26,,,
729133,1,SI,62,,,
729392,4,SI,0,0,0,25
729442,2,NO,368,,,
729615,2,SI,139,,,
729713,4,SI,22,,,
729760,4,SI,4,,,
729781,4,SI,42,,,
729859,2,SI,99,,,
729877,4,SI,32,,,
730010,2,SI,135,,,
730018,4,SI,45,,,
730177,2,SI,95,,,
730314,2,NO,220,,,
730502,4,NO,127,,,
730605,4,SI,21,,,
730870,4,SI,27,,,
730919,2,SI,252,,,
731037,2,SI,75,,,
731141,2,SI,63,,,
731149,4,SI,14,,,
731151,2,SI,84,,,
731172,4,NO,113,,,
731542,4,SI,36,,,
731634,2,SI,217,,,
731703,4,NO,159,,,
731752,4,SI,7,,,
731865,4,NO,50,,,
732022,4,SI,0,0,3,
732088,4,SI,48,,,
732097,4,NO,8,,,
732170,2,SI,329,,,
732210,2,SI,243,,,
732290,4,SI,9,,,
732354,1,SI,71,,,
732556,4,NO,51,,,
732678,2,SI,97,,,
732718,2,SI,112,,,
732824,4,SI,0,,,
733004,4,SI,45,,,
733130,4,SI,44,,,
733134,4,SI,27,,,
733170,2,SI,125,,,
733177,2,SI,101,,,
733258,2,SI,98,,,
733315,3,SI,0,,,
733352,4,SI,2,,,
733484,4,SI,34,,,
733527,2,SI,52,,,
733660,3,NO,150,0,0,3
733676,4,SI,47,,,
733720,4,SI,27,,,
734143,2,SI,159,,,
734172,2,SI,60,,,
734239,2,SI,78,,,
734308,2,SI,59,,,
734384,4,NO,10,0,0,100
734494,4,SI,14,,,
734678,4,SI,14,,,
734814,2,SI,61,,,
735095,4,SI,27,,,
735098,3,SI,0,0,0,3
735101,2,NO,337,,,
735150,2,NO,197,,,
735232,4,SI,25,,,
735404,4,SI,4,,,
735560,4,SI,29,,,
735749,4,SI,25,,,
735807,2,SI,65,,,
735818,4,SI,13,,,
735942,2,SI,52,,,
736073,4,NO,173,,,
736116,2,SI,89,,,
736121,2,SI,162,,,
736254,4,NO,150,,,
736376,4,SI,9,,,
736398,2,NO,196,,,
736421,4,SI,7,,,
736638,4,SI,43,,,
736692,2,SI,52,,,
736878,2,NO,248,,,
736919,4,SI,27,,,
737019,2,SI,109,,,
737093,2,SI,180,,,
737153,2,SI,59,,,
737198,4,SI,46,,,
737333,4,SI,36,,,
737339,4,SI,12,,,
737541,4,SI,47,,,
737546,4,SI,0,0,0,99
737677,4,NO,120,,,
737774,4,SI,27,,,
737851,2,SI,87,,,
737896,2,SI,97,,,
738103,2,SI,70,,,
738267,4,NO,172,,,
738300,4,SI,42,,,
738495,4,SI,39,,,
738584,2,SI,164,,,
738621,2,SI,117,,,
738720,2,NO,281,,,
738738,4,NO,100,0,0,132
739091,3,SI,20,,,
739131,4,SI,10,,,
739395,4,NO,28,,,
739597,4,SI,49,,,
739647,4,SI,14,,,
739682,4,SI,21,,,
739837,3,SI,0,0,0,1
739888,4,NO,40,,,
740002,2,SI,188,,,
740020,4,SI,8,,,
740214,4,SI,40,,,
740461,4,NO,113,,,
740507,3,SI,12,,,
740606,2,NO,290,,,
740702,4,NO,2,,,
740735,2,SI,94,,,
740770,2,SI,68,,,
740843,4,NO,147,,,
741368,3,SI,0,0,0,2
741513,4,SI,36,,,
741610,3,SI,0,0,0,2
741757,2,SI,264,,,
741898,4,NO,94,,,
742097,2,SI,191,,,
742329,2,SI,90,,,
742345,2,SI,200,,,
742397,2,SI,159,,,
742505,2,NO,250,,,
742554,4,SI,46,,,
742662,4,SI,41,,,
742790,4,NO,166,,,
742946,3,SI,0,0,0,11
743086,4,SI,39,,,
743152,3,SI,41,,,
743224,2,SI,137,,,
743445,4,SI,15,,,
743859,2,SI,82,,,
743880,3,SI,0,0,0,3
743910,4,SI,37,,,
743957,2,SI,98,,,
743975,4,NO,167,,,
744170,4,SI,24,,,
744188,2,SI,70,,,
744276,4,SI,0,0,0,34
744288,1,SI,144,,,
744303,4,SI,38,,,
744599,4,NO,174,,,
744718,2,SI,70,,,
744736,4,SI,45,,,
744946,2,SI,64,,,
745105,2,SI,76,,,
745130,2,SI,68,,,
745151,4,SI,47,,,
745242,2,SI,112,,,
745297,4,SI,24,,,
745454,4,SI,17,,,
745476,4,SI,41,,,
745492,4,NO,171,,,
745768,4,NO,30,0,,
745853,4,SI,36,,,
746068,4,NO,153,,,
746142,2,SI,68,,,
746153,2,SI,103,,,
746330,2,SI,145,,,
746341,4,NO,181,,,
746428,4,SI,1,,,
746428,2,SI,76,,,
746750,2,SI,212,,,
746902,2,SI,335,,,
746948,2,SI,63,,,
746950,4,SI,1,,,
747001,4,SI,2,,,
747134,2,SI,175,,,
747283,4,SI,9,,,
747296,4,SI,5,,,
747516,4,SI,0,0,0,126
747521,4,SI,0,0,0,133
747672,4,SI,0,0,0,121
747683,2,SI,61,,,
747745,2,NO,266,,,
747831,3,SI,0,0,0,1
747840,3,NO,13,,,
748121,2,SI,55,,,
748137,2,SI,63,,,
748199,4,SI,10,,,
748226,2,SI,105,,,
748236,4,SI,0,0,1,
748294,4,NO,187,,,
748406,2,SI,128,,,
748410,4,NO,153,,,
748410,4,NO,184,,,
748444,4,SI,11,,,
748680,4,SI,9,,,
748730,4,SI,32,,,
748745,2,SI,84,,,
748858,2,SI,50,,,
748939,4,SI,17,,,
748940,4,NO,157,,,
748981,4,SI,1,,,
749042,4,NO,182,,,
749053,4,SI,27,,,
749142,4,NO,110,,,
749173,2,SI,311,,,
749208,4,SI,17,,,
749356,2,NO,245,,,
749509,2,SI,60,,,
749796,1,SI,55,,,
749882,2,NO,565,,,
749921,1,SI,162,,,
749922,4,NO,132,,,
750138,2,SI,199,,,
750296,4,SI,48,,,
750412,4,SI,2,0,,
750417,4,SI,17,,,
750577,2,SI,163,,,
750633,2,SI,52,,,
750811,3,SI,0,0,0,2
750885,4,SI,22,,,
750916,2,SI,55,,,
750937,2,SI,125,,,
751101,2,NO,211,,,
751152,4,SI,17,,,
751174,2,SI,91,,,
751186,4,NO,86,,,
751229,3,NO,91,,,
751242,4,NO,30,,,
751296,4,NO,65,,,
751315,4,NO,94,,,
751321,3,SI,0,0,0,1
751391,4,SI,34,,,
751473,4,NO,169,,,
751772,4,SI,47,,,
751835,4,SI,0,,,
751837,2,NO,190,,,
751844,4,SI,27,,,
751869,4,SI,49,,,
751959,4,SI,0,,,
752126,4,SI,21,,,
752142,2,SI,87,,,
752193,2,SI,174,,,
752344,2,NO,266,,,
752464,2,SI,238,,,
752529,4,SI,14,,,
752610,4,SI,45,,,
752624,2,SI,229,,,
752641,3,SI,5,,,
752653,4,SI,44,,,
752671,4,SI,4,,,
752674,2,SI,130,,,
752690,4,NO,165,,,
752731,4,SI,23,,,
752785,4,SI,40,,,
752808,2,SI,95,,,
752842,2,SI,121,,,
752878,3,SI,10,,,
753090,2,SI,68,,,
753333,4,SI,0,,,
753345,2,NO,225,,,
753350,4,SI,0,0,0,99
753444,2,SI,184,,,
753648,2,SI,76,,,
753790,2,SI,76,,,
754017,4,SI,2,,,
754036,2,SI,176,,,
754039,4,NO,109,,,
754194,4,NO,171,,,
754209,2,SI,76,,,
754275,2,SI,56,,,
754294,4,SI,42,,,
754319,1,SI,85,,,
754339,2,SI,105,,,
754755,2,SI,257,,,
754783,2,SI,103,,,
754814,4,SI,32,,,
754934,3,SI,9,,,
754973,3,SI,3,,,
755003,4,SI,11,,,
755014,2,NO,221,,,
755051,2,SI,201,,,
755071,4,SI,32,,,
755134,4,SI,44,,,
755190,3,SI,0,0,0,2
755473,4,SI,34,,,
755489,3,SI,16,,,
755513,2,SI,296,,,
755589,2,SI,207,,,
755712,4,NO,35,,,
755871,3,SI,5,,,
755886,1,SI,77,,,
755916,2,SI,85,,,
756055,4,SI,39,,,
756117,4,SI,8,,,
756143,2,SI,142,,,
756380,4,SI,26,,,
756456,3,SI,0,0,0,2
756737,4,NO,102,,,
756797,4,NO,45,0,0,28
757071,3,SI,0,0,0,3
757286,4,SI,11,,,
757317,4,SI,24,,,
757612,4,SI,6,,,
757667,4,SI,8,,,
757759,2,SI,113,,,
757788,4,SI,0,0,0,91
757837,4,SI,11,,,
757869,3,NO,0,0,0,11
757974,4,SI,10,,,
757982,4,SI,2,,,
758074,4,SI,22,,,
758116,4,SI,0,0,0,14
758264,4,SI,0,,,
758312,4,NO,136,,,
758319,4,SI,34,,,
758335,4,SI,0,,,
758466,4,SI,25,,,
758528,3,SI,0,,,
758593,4,SI,11,,,
758631,2,SI,155,,,
758635,4,SI,24,,,
758656,3,SI,8,,,
758702,2,NO,229,,,
758853,4,SI,28,,,
758910,2,SI,90,,,
759014,2,SI,51,,,
759045,2,SI,63,,,
759057,2,SI,306,,,
759228,4,SI,24,,,
759232,2,SI,85,,,
759247,4,SI,40,,,
759292,2,SI,151,,,
759331,4,SI,0,0,0,101
759428,4,SI,18,,,
759649,2,NO,354,,,
759782,4,SI,22,,,
759880,2,SI,82,,,
759883,2,NO,489,,,
759964,2,NO,276,,,
760089,2,SI,115,,,
760131,4,SI,3,,,
760399,2,NO,207,,,
760462,4,SI,2,,,
760623,2,SI,88,,,
760634,4,SI,33,,,
760682,2,NO,244,,,
760699,4,SI,49,,,
760729,4,SI,5,,,
760739,4,SI,44,,,
760769,2,SI,64,,,
760807,2,SI,242,,,
760810,4,SI,0,,,
760905,4,SI,27,,,
760910,2,SI,227,,,
760914,1,SI,94,,,
761210,4,SI,0,0,0,179
761393,2,SI,71,,,
761435,4,NO,143,,,
761577,2,SI,185,,,
762110,4,NO,117,,,
762167,4,SI,8,,,
762213,4,SI,18,,,
762376,2,SI,119,,,
762393,2,SI,89,,,
762412,2,SI,147,,,
762442,4,NO,0,0,0,148
762575,4,SI,40,,,
762745,4,SI,0,,,
762835,4,NO,125,,,
762889,2,SI,54,,,
762963,4,SI,0,,,
762979,4,SI,16,,,
763100,4,NO,151,,,
763122,4,SI,14,,,
763179,3,SI,18,,,
763221,4,SI,7,,,
763246,4,SI,40,,,
763441,3,SI,0,0,0,1
763534,2,SI,66,,,
763538,4,SI,36,,,
763583,4,SI,22,,,
763591,4,SI,18,,,
763632,2,SI,50,,,
763645,4,SI,0,,,
763697,4,SI,7,,,
763919,4,SI,13,,,
764063,3,SI,0,,,
764078,4,SI,19,,,
764208,4,NO,174,,,
764339,4,SI,35,,,
764341,4,NO,134,,,
764351,4,SI,0,,,
764474,2,SI,146,,,
764506,2,SI,50,,,
764859,4,SI,10,,,
765062,2,SI,196,,,
765168,2,SI,220,,,
765370,2,SI,205,,,
765407,4,NO,160,,,
765491,2,SI,69,,,
765589,2,SI,67,,,
765661,2,SI,261,,,
765688,2,SI,444,,,
765706,4,SI,41,,,
765715,2,SI,81,,,
765876,4,SI,29,,,
765876,4,SI,38,,,
766191,2,SI,239,,,
766281,3,SI,35,,,
766447,4,SI,0,,,
766512,2,SI,126,,,
766522,2,SI,62,,,
766541,4,SI,45,,,
766724,4,SI,20,,,
766747,1,NO,200,0,0,2
766751,4,SI,9,,,
766843,3,SI,0,0,0,3
766858,4,SI,40,,,
766973,2,SI,97,,,
767070,1,SI,64,,,
767214,2,SI,69,,,
767458,4,SI,10,,,
767507,3,SI,0,0,0,7
767599,2,SI,85,,,
767690,2,NO,201,,,
767697,4,NO,164,,,
767733,4,SI,0,,,
767746,4,SI,18,,,
767805,1,SI,66,,,
767916,4,SI,16,,,
767921,4,SI,37,,,
768030,2,SI,54,,,
768038,2,NO,255,,,
768123,2,SI,285,,,
768256,3,SI,0,0,0,1
768376,4,SI,7,,,
768385,4,NO,85,,,
768472,4,SI,46,,,
768563,2,SI,178,,,
768602,3,NO,0,0,0,2
768665,1,SI,66,,,
768721,4,SI,16,,,
768772,2,NO,296,,,
768796,2,SI,152,,,
768854,3,SI,0,0,0,1
768980,4,SI,11,,,
769078,4,SI,30,,,
769219,2,SI,81,,,
769225,4,SI,13,,,
769266,4,SI,17,,,
769293,3,SI,47,,,
769366,4,NO,164,,,
769460,1,SI,186,,,
769543,4,SI,2,,,
769714,4,SI,2,,,
769860,2,SI,66,,,
769862,2,SI,84,,,
769915,4,SI,0,,,
769915,4,SI,49,,,
770056,4,SI,5,,,
770098,4,NO,101,,,
770175,2,SI,148,,,
770466,2,NO,534,,,
770696,3,SI,0,0,0,6
770971,3,SI,0,0,0,1
771254,3,SI,2,,,
771294,4,NO,163,,,
771311,4,SI,34,,,
771570,2,SI,98,,,
771625,4,SI,1,,,
771631,2,SI,179,,,
771677,2,NO,230,,,
771972,2,SI,84,,,
772365,4,SI,1,,,
772439,4,SI,4,,,
772474,4,SI,20,,,
772486,2,NO,358,,,
772576,4,SI,34,,,
772891,2,SI,60,,,
772944,4,SI,7,,,
773081,4,NO,145,,,
773108,2,SI,197,,,
773131,1,SI,97,,,
773176,2,SI,86,,,
773311,4,SI,0,,,
773313,3,SI,27,,,
773341,2,NO,454,,,
773345,2,SI,253,,,
773387,4,SI,33,,,
773445,4,SI,32,,,
773568,2,SI,179,,,
773575,4,NO,91,,,
773618,2,SI,307,,,
773964,4,SI,0,,,
774009,2,SI,100,,,
774019,4,SI,16,,,
774245,4,SI,0,0,0,23
774277,4,SI,5,,,
774286,4,SI,0,0,0,131
774555,3,SI,0,0,0,8
774584,4,SI,16,,,
774769,4,SI,30,,,
774907,2,SI,91,,,
774922,3,SI,0,0,0,2
775125,4,SI,4,,,
775151,4,SI,47,,,
775158,2,SI,544,,,
775219,2,NO,296,,,
775317,2,SI,224,,,
775433,4,SI,31,,,
775485,2,SI,131,,,
775626,2,SI,99,,,
775643,4,NO,64,,,
775683,4,NO,129,,,
775795,2,NO,208,,,
775858,4,NO,87,,,
776195,2,SI,82,,,
776245,4,SI,35,,,
776248,2,SI,149,,,
776338,4,NO,98,,,
776374,4,NO,162,,,
776442,4,NO,168,,,
776459,4,NO,161,,,
776557,3,SI,38,,,
776579,3,SI,1,,,
776623,4,SI,25,,,
776684,2,SI,72,,,
776976,4,SI,20,,,
776997,2,SI,98,,,
777049,3,SI,0,0,0,2
777158,2,SI,78,,,
777171,3,SI,0,0,0,4
777185,3,SI,14,,,
777245,4,NO,167,,,
777280,2,NO,256,,,
777328,2,SI,285,,,
777407,4,SI,14,,,
777465,4,SI,21,,,
777538,4,SI,37,,,
777612,4,SI,0,0,0,19
777760,4,SI,5,,,
777822,4,NO,181,,,
777995,2,SI,76,,,
778011,4,SI,36,,,
778489,2,SI,51,,,
778622,4,SI,0,,,
778647,1,SI,432,,,
778735,2,SI,142,,,
778912,4,SI,1,,,
778933,2,SI,309,,,
779421,4,NO,107,,,
779426,4,SI,20,,,
779453,2,NO,378,,,
779480,2,SI,97,,,
779583,2,NO,255,,,
779640,2,SI,62,,,
779799,2,SI,111,,,
779856,2,SI,119,,,
779882,4,SI,47,,,
779884,4,SI,12,,,
780035,4,NO,40,,,
780105,4,SI,0,,,
780183,2,SI,82,,,
780267,4,SI,47,,,
780308,4,SI,2,,,
780318,2,NO,269,,,
780385,4,SI,40,,,
780430,3,SI,9,,,
780441,4,SI,19,,,
780563,4,SI,1,,,
780573,2,SI,62,,,
780658,2,NO,500,,,
780783,3,SI,20,,,
780785,4,SI,5,,,
780794,3,SI,18,,,
780827,4,SI,1,,,
781188,4,SI,0,0,0,78
781254,4,SI,16,,,
781680,2,SI,159,,,
781738,2,NO,303,,,
781928,4,SI,0,0,0,61
781932,2,SI,52,,,
782301,4,NO,157,,,
782315,4,SI,29,,,
782326,4,NO,156,,,
782386,4,SI,25,,,
782404,4,SI,35,,,
782479,4,SI,8,,,
782496,3,SI,0,0,0,2
782508,4,NO,84,,,
782627,4,SI,24,,,
782693,4,SI,22,,,
782740,4,SI,28,,,
782836,4,SI,0,0,0,61
782936,4,SI,14,,,
783083,4,SI,15,,,
783114,2,SI,125,,,
783135,4,SI,27,,,
783276,4,SI,5,,,
783348,2,SI,141,,,
783367,3,SI,5,,,
783376,2,SI,57,,,
783391,4,SI,38,,,
783447,2,SI,69,,,
783660,4,SI,26,,,
784035,2,SI,70,,,
784068,2,SI,58,,,
784159,3,SI,47,,,
784164,2,SI,118,,,
784199,3,SI,0,0,0,6
784318,3,SI,24,,,
784344,2,NO,241,,,
784459,4,NO,150,0,0,28
784567,2,NO,876,,,
784607,2,NO,325,,,
784617,2,SI,95,,,
784634,2,SI,205,,,
784765,4,SI,3,,,
784881,4,SI,47,,,
784930,4,SI,0,,,
785048,4,SI,0,0,0,81
785068,2,SI,120,,,
785141,4,SI,15,,,
785213,4,SI,21,,,
785232,1,SI,71,,,
785283,4,NO,82,,,
785428,2,SI,171,,,
785470,4,SI,28,,,
785480,4,NO,151,,,
785627,4,SI,4,,,
785661,4,SI,9,,,
785666,3,SI,0,0,0,2
785737,3,SI,0,0,0,1
785774,4,SI,14,,,
785786,4,SI,22,,,
785798,4,SI,1,,,
785860,3,SI,24,,,
785897,2,SI,51,,,
785909,4,SI,26,,,
785999,4,SI,0,0,0,66
786044,4,NO,164,,,
786302,2,SI,99,,,
786464,2,SI,83,,,
786472,2,SI,80,,,
786497,4,SI,0,0,0,40
786579,4,SI,20,,,
786623,4,SI,15,,,
786634,4,SI,0,,,
786698,4,NO,170,,,
786746,4,SI,48,,,
786788,2,SI,55,,,
786843,4,SI,6,,,
786870,2,SI,54,,,
787131,2,SI,174,,,
787170,2,SI,205,,,
787237,4,SI,42,,,
787315,2,SI,105,,,
787332,2,SI,62,,,
787399,4,SI,4,,,
787530,3,SI,0,0,0,1
787544,2,SI,269,,,
787674,4,NO,122,,,
787693,2,SI,161,,,
787737,2,SI,275,,,
787829,4,NO,108,,,
787937,2,SI,129,,,
787943,4,SI,29,,,
787965,3,SI,25,,,
788219,2,SI,114,,,
788302,4,SI,0,0,3,
788391,4,SI,1,,,
788464,2,SI,117,,,
788770,2,SI,113,,,
788787,4,SI,0,,,
788837,2,SI,97,,,
788884,3,SI,0,,,
788903,4,SI,21,,,
789086,2,SI,62,,,
789201,2,SI,65,,,
789214,4,SI,42,,,
789249,2,NO,889,,,
789443,4,SI,6,,,
789476,4,SI,10,,,
789521,2,SI,76,,,
789681,4,NO,167,,,
789781,2,SI,290,,,
789920,4,SI,39,,,
790190,2,NO,332,,,
790270,4,SI,0,,,
790348,2,SI,266,,,
790538,4,SI,8,,,
790671,3,SI,0,0,0,2
790708,4,SI,0,,,
790736,2,SI,202,,,
790836,2,NO,435,,,
790840,4,SI,30,,,
790867,4,NO,164,,,
791517,4,SI,38,,,
791585,4,SI,33,,,
791622,2,SI,324,,,
791636,2,SI,57,,,
791695,4,SI,0,0,0,92
792098,4,SI,0,0,0,81
792205,2,NO,605,,,
792459,4,SI,19,,,
792584,4,SI,25,,,
792593,2,SI,190,,,
792659,4,SI,4,,,
792850,4,SI,5,,,
792858,4,SI,8,,,
792871,3,SI,0,0,0,2
792912,2,SI,71,,,
793018,4,NO,60,,,
793140,4,NO,124,,,
793319,2,SI,96,,,
793322,4,SI,16,,,
793412,4,SI,7,,,
793417,4,SI,25,,,
793424,4,SI,36,,,
793582,4,NO,159,,,
793960,4,SI,18,,,
794175,4,NO,142,,,
794212,3,SI,1,,,
794319,2,NO,197,,,
794433,4,SI,0,,,
794534,4,NO,138,,,
794717,2,NO,250,,,
794781,4,SI,7,,,
794835,4,SI,12,,,
794857,4,SI,35,,,
794871,2,NO,298,,,
794892,2,SI,274,,,
794912,4,NO,122,,,
795081,2,NO,191,,,
795096,4,NO,164,,,
795122,2,SI,79,,,
795125,2,SI,127,,,
795193,2,NO,191,,,
795252,4,NO,59,,,
795255,2,SI,85,,,
795257,4,SI,0,0,0,83
795309,2,SI,122,,,
795374,2,NO,273,,,
795467,4,SI,0,,,
795484,2,SI,177,,,
795520,2,SI,123,,,
795529,4,SI,1,,,
795694,4,SI,30,,,
795818,2,NO,260,,,
795868,1,SI,63,,,
795905,2,SI,146,,,
795918,4,SI,43,,,
796003,1,SI,272,,,
796076,4,SI,0,,,
796080,2,SI,116,,,
796206,2,NO,213,,,
796381,1,NO,191,,,
796490,4,NO,130,,,
796602,1,SI,67,,,
796689,3,SI,0,0,0,3
796691,4,NO,152,,,
796697,2,SI,154,,,
796802,4,SI,37,,,
796882,4,NO,132,,,
796890,4,SI,2,,,
797029,2,SI,185,,,
797043,3,SI,33,,,
797110,3,SI,0,0,0,7
797128,2,SI,158,,,
797265,4,SI,23,,,
797282,4,NO,174,,,
797344,2,SI,68,,,
797358,4,SI,10,,,
797399,4,SI,38,,,
797468,4,SI,18,,,
797473,2,SI,232,,,
797553,2,SI,79,,,
797747,4,SI,17,,,
797912,2,SI,52,,,
797946,4,SI,12,,,
798008,2,SI,69,,,
798148,2,SI,107,,,
798283,4,SI,46,,,
798299,4,SI,2,,,
798498,4,SI,0,0,1,
798648,4,SI,1,,,
798693,4,SI,0,0,0,87
798704,4,SI,0,0,0,80
798767,4,SI,0,0,0,148
798806,4,SI,0,0,0,64
798814,4,SI,5,,,
798915,4,NO,183,,,
799223,4,SI,2,,,
799329,2,NO,215,,,
799422,2,SI,114,,,
799470,2,SI,321,,,
799474,3,NO,181,,,
799553,2,SI,149,,,
799560,4,SI,17,,,
799838,4,SI,4,,,
799838,4,SI,1,,,
799862,2,NO,209,,,
799922,3,SI,0,0,0,6
799943,2,SI,89,,,
799944,4,SI,43,,,
799953,2,SI,131,,,
799985,4,NO,110,,,
800000,2,SI,81,,,
800091,2,SI,88,,,
800192,4,SI,4,,,
800257,4,SI,9,,,
800277,3,SI,0,0,0,2
800440,4,SI,31,,,
800565,4,SI,32,,,
800688,2,SI,122,,,
800710,1,SI,257,,,
800803,4,NO,181,,,
800823,4,SI,15,,,
800830,2,SI,111,,,
800891,4,NO,180,,,
801098,2,SI,67,,,
801108,2,SI,244,,,
801117,4,SI,7,,,
801188,4,NO,0,,,
801311,2,SI,82,,,
801356,2,SI,67,,,
801399,4,SI,16,,,
801434,4,SI,39,,,
801493,4,SI,45,,,
801542,2,SI,53,,,
801626,2,SI,129,,,
801666,2,SI,355,,,
801684,3,SI,0,0,0,2
801908,4,SI,3,,,
802087,2,SI,100,,,
802118,4,SI,7,,,
802237,3,SI,16,,,
802273,4,SI,0,,,
802278,3,SI,0,0,0,5
802320,4,SI,12,,,
802396,4,SI,35,,,
802550,4,SI,7,,,
802574,4,SI,5,,,
802590,4,SI,43,,,
802695,2,NO,190,,,
803056,4,NO,115,,,
803059,4,SI,8,,,
803195,2,NO,357,,,
803281,2,NO,252,,,
803433,2,SI,164,,,
803657,4,SI,22,,,
803908,4,SI,27,,,
803911,4,SI,10,,,
803922,2,SI,159,,,
803951,4,SI,0,,,
803986,4,SI,10,,,
804227,2,SI,85,,,
804309,4,SI,29,,,
804354,2,SI,149,,,
804423,4,NO,179,,,
804424,4,SI,16,,,
804473,2,SI,70,,,
804867,4,SI,6,,,
804943,2,SI,61,,,
804976,4,SI,16,,,
805072,2,SI,132,,,
805095,2,SI,53,,,
805164,4,SI,41,,,
805165,4,SI,39,,,
805228,4,NO,156,,,
805334,4,SI,19,,,
805354,4,SI,25,,,
805803,4,SI,0,,,
805861,4,SI,0,0,0,121
805915,3,SI,11,,,
806006,2,SI,116,,,
806009,4,SI,23,,,
806025,2,SI,119,,,
806133,4,SI,40,,,
806199,1,SI,92,,,
806280,4,SI,32,,,
806466,4,SI,6,,,
806670,4,SI,3,,,
806680,4,SI,9,,,
806726,3,SI,5,,,
806779,1,SI,51,,,
806837,2,SI,256,,,
806856,4,SI,47,,,
807022,2,NO,238,,,
807122,4,SI,10,,,
807165,2,SI,80,,,
807207,2,SI,59,,,
807443,2,NO,208,,,
807537,2,SI,61,,,
807554,4,SI,10,,,
807594,4,SI,15,,,
807709,2,SI,107,,,
807724,4,SI,0,0,0,42
807831,4,SI,3,,,
807863,4,SI,45,,,
807989,4,SI,24,,,
808066,4,NO,164,,,
808078,4,SI,5,,,
808178,4,SI,25,,,
808413,4,SI,0,,,
808538,4,SI,0,0,1,
808615,2,SI,51,,,
808620,3,SI,38,,,
808649,2,SI,87,,,
809021,4,SI,37,,,
809110,3,SI,5,,,
809194,4,SI,16,,,
809291,1,SI,235,,,
809408,1,SI,200,,,
809425,2,SI,125,,,
809696,4,SI,18,,,
809979,4,SI,49,,,
810012,2,SI,53,,,
810251,4,SI,0,,,
810285,2,SI,99,,,
810322,4,SI,18,,,
810432,4,SI,6,,,
810459,2,SI,67,,,
810489,4,SI,0,0,,
810964,4,SI,6,,,
811580,2,SI,121,,,
811842,3,NO,134,,,
811861,4,NO,173,,,
811952,3,SI,17,,,
811982,4,NO,15,,,
812032,2,SI,97,,,
812052,2,SI,81,,,
812066,4,SI,22,,,
812067,4,SI,2,,,
812117,4,SI,23,,,
812302,4,SI,0,0,0,150
812373,4,SI,3,,,
812388,3,SI,0,0,0,2
812433,3,SI,0,0,0,2
812482,2,SI,109,,,
812530,4,NO,187,,,
812532,4,NO,101,,,
812629,4,SI,26,,,
812677,2,SI,197,,,
812679,2,SI,95,,,
812714,4,SI,34,,,
812745,3,SI,5,,,
812883,4,NO,113,,,
812960,2,SI,198,,,
813152,4,SI,17,,,
813306,2,SI,79,,,
813384,2,NO,338,,,
813648,4,SI,0,,,
813652,4,SI,17,,,
813751,4,SI,17,,,
813771,4,SI,25,,,
813991,4,SI,21,,,
814010,3,SI,0,,,
814031,4,NO,161,,,
814101,2,NO,224,,,
814260,4,NO,167,,,
814397,4,NO,144,,,
814534,2,SI,124,,,
814615,4,SI,22,,,
814657,4,NO,0,0,0,25
814716,4,SI,40,,,
814839,4,SI,41,,,
814982,4,SI,0,0,0,123
814988,4,SI,34,,,
815124,2,NO,349,,,
815154,4,NO,152,,,
815262,4,SI,0,0,0,82
815316,2,SI,265,,,
815325,4,SI,6,,,
815396,2,NO,399,,,
815431,4,SI,0,0,0,188
815511,4,SI,19,,,
815740,4,NO,169,,,
815756,4,SI,49,,,
815795,2,SI,138,,,
815861,4,SI,33,,,
816192,2,SI,306,,,
816403,3,SI,27,,,
816428,4,NO,0,0,0,174
816566,4,SI,1,,,
816839,4,SI,9,,,
816888,4,NO,154,,,
817038,4,SI,0,0,0,22
817257,2,SI,52,,,
817267,2,NO,272,,,
817297,2,SI,59,,,
817337,4,SI,9,,,
817524,2,SI,104,,,
817569,4,SI,7,,,
817669,2,NO,280,,,
817915,4,SI,0,0,0,106
818002,4,SI,0,,,
818073,4,NO,139,,,
818134,4,SI,12,,,
818159,1,SI,59,,,
818262,4,SI,0,0,0,72
818490,2,NO,356,,,
818503,4,SI,21,,,
818673,2,SI,104,,,
818747,2,SI,344,,,
818838,4,SI,0,0,0,96
818852,4,SI,14,,,
818852,2,NO,219,,,
819157,2,SI,100,,,
819205,4,NO,136,,,
819254,3,SI,32,,,
819343,4,NO,78,,,
819430,3,NO,171,,,
819669,4,SI,23,,,
819746,2,SI,147,,,
819882,4,SI,39,,,
819883,2,SI,87,,,
819886,2,SI,501,,,
819942,4,SI,0,0,0,64
819943,2,SI,88,,,
820006,2,SI,84,,,
820105,1,SI,161,,,
820167,2,SI,58,,,
820256,2,SI,213,,,
820362,3,SI,19,,,
820426,2,SI,52,,,
820496,2,SI,58,,,
820615,2,SI,70,,,
820648,2,SI,77,,,
820712,2,SI,141,,,
820832,4,SI,21,,,
821259,3,SI,24,,,
821370,2,SI,98,,,
821374,4,NO,156,,,
821395,4,SI,0,0,0,66
821415,4,SI,47,,,
821433,2,SI,123,,,
821529,4,NO,121,,,
821641,3,SI,0,,,
821728,2,SI,59,,,
821828,3,SI,0,0,0,2
821972,2,SI,73,,,
822141,4,SI,14,,,
822244,4,NO,108,,,
822252,4,SI,13,,,
822337,2,SI,51,,,
822468,4,SI,0,0,0,19
822470,4,SI,8,,,
822576,4,SI,7,,,
822611,4,NO,6,,,
822709,4,SI,47,,,
822737,2,SI,102,,,
822766,4,SI,7,,,
822775,4,NO,171,,,
822799,4,SI,0,,,
822844,2,SI,202,,,
822883,2,SI,117,,,
822992,1,SI,112,,,
823005,4,SI,1,,,
823014,4,SI,46,,,
823039,2,SI,53,,,
823107,4,SI,39,,,
823147,2,SI,309,,,
823268,4,SI,6,,,
823321,2,SI,84,,,
823416,3,NO,150,,,
823435,1,SI,77,,,
823482,2,SI,70,,,
823511,4,SI,26,,,
823587,1,SI,67,,,
823613,2,SI,79,,,
823818,4,SI,3,,,
823829,4,SI,8,,,
823846,4,NO,142,,,
823859,4,SI,40,,,
823892,4,SI,46,,,
823962,3,SI,43,,,
824017,4,SI,14,,,
824039,4,NO,169,,,
824090,2,NO,323,,,
824099,4,SI,20,,,
824268,4,SI,47,,,
824347,2,SI,175,,,
824478,3,SI,0,,,
824498,3,SI,0,,,
824627,4,SI,40,,,
824644,2,SI,200,,,
824711,4,SI,19,,,
824790,2,SI,166,,,
824793,3,SI,18,,,
824841,2,SI,133,,,
825124,4,NO,115,,,
825196,4,SI,37,,,
825279,4,SI,28,,,
825422,2,NO,206,,,
825564,2,NO,202,,,
825673,2,SI,51,,,
825759,2,SI,226,,,
825765,4,SI,15,,,
825815,4,SI,4,,,
825980,4,NO,121,,,
826003,4,SI,0,0,0,101
826170,1,SI,105,,,
826205,4,SI,21,,,
826358,4,NO,107,,,
826412,4,SI,2,,,
826450,4,SI,0,0,0,75
826520,4,SI,11,,,
826523,3,SI,11,,,
826560,4,NO,117,,,
826561,1,SI,69,,,
826595,4,SI,3,,,
826621,3,SI,33,,,
826643,2,SI,92,,,
826677,4,SI,40,,,
826775,4,NO,189,,,
826782,2,SI,105,,,
826859,4,SI,4,,,
826868,4,NO,145,,,
826875,2,SI,93,,,
826889,2,SI,55,,,
826916,2,SI,140,,,
826967,4,NO,90,,,
827010,3,SI,0,0,0,2
827027,4,SI,0,,,
827076,2,SI,124,,,
827092,2,SI,82,,,
827597,2,SI,527,,,
827605,2,NO,373,,,
827961,2,SI,61,,,
827971,2,SI,149,,,
828010,4,NO,151,,,
828187,2,SI,53,,,
828191,2,SI,58,,,
828231,4,SI,27,,,
828351,2,SI,174,,,
828383,2,SI,54,,,
828391,2,SI,138,,,
828395,2,SI,287,,,
828606,2,SI,116,,,
829124,2,SI,179,,,
829269,4,SI,12,,,
829292,2,NO,620,,,
829399,2,SI,108,,,
829413,2,SI,69,,,
829598,4,NO,156,,,
829615,2,SI,101,,,
829619,3,SI,0,,,
829803,2,SI,66,,,
829862,3,SI,0,0,0,1
829888,4,SI,0,,,
829923,1,SI,353,,,
829961,2,SI,62,,,
830210,4,NO,151,,,
830324,4,SI,38,,,
830455,2,SI,81,,,
830576,4,SI,15,,,
830631,4,SI,42,,,
830650,2,SI,57,,,
830708,1,SI,71,,,
830724,4,SI,11,,,
830756,2,SI,54,,,
831026,3,SI,0,0,0,5
831031,1,NO,267,,,
831197,2,NO,449,,,
831374,4,NO,174,,,
831497,4,SI,26,,,
831533,4,SI,3,,,
831555,4,SI,0,0,0,85
831639,4,SI,14,,,
831667,2,SI,253,,,
831678,4,SI,0,0,0,136
831754,4,SI,20,,,
831789,4,SI,21,,,
831814,4,SI,45,,,
831836,2,SI,89,,,
831943,3,SI,0,0,0,1
832020,2,SI,76,,,
832058,4,SI,10,,,
832197,2,NO,287,,,
832202,3,SI,0,0,0,1
832281,2,SI,261,,,
832577,4,SI,0,,,
832604,2,SI,106,,,
832696,4,SI,19,,,
832800,2,NO,325,,,
833011,3,SI,29,,,
833226,2,SI,84,,,
833244,2,SI,54,,,
833427,2,SI,58,,,
833632,4,SI,2,,,
833762,4,NO,151,,,
833781,2,SI,134,,,
833813,3,SI,5,,,
833819,2,NO,231,,,
833845,2,SI,167,,,
833848,2,SI,62,,,
834184,2,SI,130,,,
834194,3,SI,28,,,
834224,4,SI,40,,,
834252,2,SI,70,,,
834253,3,NO,30,0,,
834521,4,SI,10,,,
834523,2,SI,192,,,
834533,4,NO,181,,,
834555,2,NO,210,,,
834782,2,SI,57,,,
834912,2,SI,97,,,
834917,2,SI,101,,,
834923,1,SI,128,,,
834925,4,SI,3,,,
834958,3,SI,0,0,0,2
834997,4,SI,44,,,
835111,4,SI,19,,,
835123,2,NO,190,,,
835275,4,NO,150,,,
835281,4,NO,179,,,
835419,2,SI,260,,,
835465,4,SI,36,,,
835579,4,SI,33,,,
835622,2,SI,189,,,
835857,4,NO,179,,,
835934,2,SI,100,,,
836010,4,SI,1,,,
836056,4,SI,35,,,
836198,4,SI,2,,,
836306,2,SI,144,,,
836541,4,SI,13,,,
836748,4,SI,28,,,
836770,4,SI,8,,,
836797,4,NO,175,,,
836804,4,SI,13,,,
837009,2,SI,93,,,
837204,2,SI,51,,,
837285,4,SI,0,0,0,74
837529,4,SI,34,,,
837603,4,NO,178,,,
837616,3,SI,0,0,0,7
837697,2,NO,440,,,
838020,4,NO,169,,,
838092,4,SI,17,,,
838180,4,NO,162,,,
838182,4,SI,38,,,
838204,3,SI,0,,,
838242,4,SI,13,,,
838437,2,NO,253,,,
838503,2,SI,58,,,
838561,4,SI,27,,,
838572,2,SI,85,,,
838646,4,NO,5,0,0,61
838702,4,NO,149,,,
838764,4,SI,0,0,0,32
838826,4,SI,7,,,
838839,2,SI,99,,,
838990,2,SI,86,,,
838999,2,SI,112,,,
839004,4,NO,163,,,
839007,4,SI,21,,,
839039,2,SI,97,,,
839047,4,SI,8,,,
839138,3,SI,35,,,
839156,4,NO,128,,,
839176,4,SI,22,,,
839468,4,NO,103,,,
839494,4,SI,47,,,
839509,4,SI,0,,,
839512,4,NO,83,,,
840004,2,SI,51,,,
840012,3,SI,0,0,0,1
840042,2,SI,67,,,
840151,4,NO,164,42,,
840474,4,SI,39,,,
840504,3,SI,0,0,0,2
840579,1,SI,60,,,
840600,4,SI,2,,,
840690,2,SI,64,,,
841090,2,SI,76,,,
841192,2,SI,68,,,
841234,4,SI,0,0,0,42
841471,2,SI,116,,,
841581,4,NO,30,0,0,96
841634,2,SI,157,,,
841878,2,NO,282,,,
841909,4,SI,44,,,
841969,4,SI,30,,,
842166,2,SI,108,,,
842214,4,SI,49,,,
842278,4,SI,45,,,
842335,2,SI,59,,,
842430,2,SI,193,,,
842436,3,SI,4,,,
842539,4,NO,156,,,
842611,4,SI,0,0,0,79
842639,4,SI,10,,,
842650,1,SI,52,,,
842735,3,SI,15,,,
842750,4,SI,0,,,
842781,4,SI,1,,,
842894,4,SI,25,,,
842932,4,SI,28,,,
842967,2,SI,72,,,
843043,4,SI,21,,,
843110,3,SI,26,,,
843283,2,SI,120,,,
843308,2,NO,270,,,
843387,2,SI,279,,,
843432,4,SI,32,,,
843454,4,NO,108,,,
843506,4,SI,14,,,
843598,4,NO,144,,,
843599,3,SI,14,,,
843639,2,SI,138,,,
843691,4,SI,24,,,
843729,4,SI,16,,,
843870,2,SI,146,,,
844201,2,SI,101,,,
844357,3,SI,0,0,0,2
844392,2,SI,64,,,
844486,1,SI,83,,,
844570,2,SI,64,,,
844694,4,SI,4,,,
844723,4,SI,15,,,
844760,4,SI,0,0,0,65
844804,2,SI,69,,,
844885,2,SI,172,,,
844886,4,SI,0,,,
844890,4,SI,34,,,
844934,2,SI,187,,,
845283,4,SI,44,,,
845395,2,SI,71,,,
845396,4,SI,2,,,
845420,2,SI,111,,,
845423,2,SI,65,,,
845477,4,SI,0,,,
845556,4,NO,112,,,
845595,4,SI,30,,,
845599,4,SI,0,,,
845680,4,SI,1,,,
845745,4,SI,0,,,
845759,4,SI,46,,,
845809,2,SI,66,,,
845884,2,SI,120,,,
846035,3,SI,8,,,
846060,3,SI,0,0,0,74
846164,2,SI,115,,,
846325,4,SI,0,,,
846328,2,SI,143,,,
846379,4,SI,21,,,
846410,4,SI,24,,,
846500,2,SI,191,,,
846891,4,SI,17,,,
847021,4,SI,1,,,
847085,2,SI,151,,,
847161,4,SI,19,,,
847261,4,SI,36,,,
847407,4,NO,93,,,
847541,4,SI,0,0,0,60
847789,4,SI,39,,,
847898,4,NO,150,,,
847957,4,SI,4,,,
848197,2,SI,120,,,
848203,4,SI,3,,,
848244,2,SI,87,,,
848344,4,SI,28,,,
848688,4,NO,165,,,
848694,2,SI,82,,,
848732,4,SI,3,,,
848740,1,SI,55,,,
848766,2,SI,89,,,
849063,1,NO,675,,,
849133,1,SI,182,,,
849179,2,SI,65,,,
849225,4,SI,0,0,0,121
849246,4,SI,48,,,
849250,4,SI,43,,,
849258,2,SI,58,,,
849286,4,SI,11,,,
849314,4,SI,37,,,
849323,4,SI,30,,,
849343,4,SI,4,,,
849465,2,SI,98,,,
849473,4,SI,38,,,
849612,4,SI,12,,,
849878,4,SI,33,,,
849983,4,SI,14,,,
850050,4,NO,155,,,
850110,4,SI,41,,,
850193,4,SI,32,,,
850228,2,SI,353,,,
850261,2,NO,217,,,
850466,4,SI,43,,,
850525,4,SI,33,,,
850551,2,SI,56,,,
850728,2,SI,75,,,
850777,4,SI,0,0,0,146
850814,2,SI,158,,,
850993,4,SI,19,,,
851004,2,NO,212,,,
851134,2,NO,202,,,
851150,2,NO,304,,,
851424,3,SI,0,0,0,3
851440,4,NO,132,,,
851624,4,NO,171,,,
851695,1,SI,63,,,
851740,2,SI,60,,,
851812,2,SI,128,,,
851996,2,SI,58,,,
852017,2,SI,50,,,
852062,4,SI,0,0,0,108
852129,4,SI,23,,,
852188,2,SI,181,,,
852387,4,NO,121,,,
852410,4,NO,172,,,
852477,2,SI,128,,,
852508,2,NO,265,,,
852522,4,SI,0,0,0,185
852615,4,SI,0,0,0,74
852709,4,NO,125,,,
852759,3,SI,19,,,
852886,2,SI,125,,,
852942,4,SI,31,,,
852986,4,SI,0,,,
853088,2,SI,50,,,
853328,4,NO,185,,,
853359,4,NO,38,,,
853403,3,SI,0,0,0,1
853419,2,SI,62,,,
853432,4,SI,0,,,
853509,2,NO,599,,,
854051,2,SI,61,,,
854092,3,SI,12,,,
854112,2,SI,139,,,
854233,2,NO,274,,,
854260,4,NO,41,,,
854311,4,SI,46,,,
854387,2,SI,93,,,
854389,4,NO,100,0,0,82
854436,2,NO,191,,,
854715,4,SI,16,,,
854811,4,SI,19,,,
854924,2,NO,281,,,
854925,4,SI,15,,,
855074,4,SI,12,,,
855138,1,SI,114,,,
855149,2,SI,216,,,
855174,4,NO,154,,,
855326,4,SI,0,,,
855378,4,NO,116,,,
855467,4,SI,44,,,
855526,2,SI,63,,,
855537,4,SI,29,,,
855595,4,SI,40,,,
855627,2,SI,172,,,
855676,2,SI,217,,,
855688,2,SI,52,,,
855752,4,NO,158,,,
855788,4,NO,159,,,
855790,4,SI,0,0,0,76
855844,4,SI,14,,,
856161,2,SI,67,,,
856183,4,NO,118,,,
856208,2,SI,51,,,
856308,2,SI,67,,,
856366,4,SI,9,,,
856483,2,SI,78,,,
856566,3,SI,8,,,
856570,2,SI,92,,,
856734,2,SI,72,,,
856902,4,SI,4,,,
857011,4,NO,33,,,
857030,2,NO,546,,,
857122,4,NO,150,,,
857250,4,SI,0,0,0,111
857256,4,SI,30,,,
857294,2,SI,145,,,
857318,2,SI,96,,,
857442,4,SI,49,,,
857464,2,SI,83,,,
857556,2,NO,221,,,
857575,2,SI,55,,,
857606,4,NO,128,,,
857715,2,SI,112,,,
857797,4,NO,164,,,
857822,4,SI,0,0,0,112
857823,4,SI,11,,,
857889,4,SI,9,,,
857898,2,SI,62,,,
857908,4,SI,10,,,
858107,4,SI,15,,,
858126,4,NO,38,,,
858152,2,SI,79,,,
858392,2,SI,149,,,
858450,3,SI,0,0,0,4
858470,2,SI,65,,,
858592,2,NO,388,,,
858712,4,SI,44,,,
859067,1,SI,67,,,
859186,4,SI,16,,,
859253,3,SI,0,0,0,3
859511,4,NO,70,,,
859521,2,SI,153,,,
859535,2,SI,85,,,
859536,2,SI,95,,,
859582,4,NO,101,,,
859780,4,SI,13,,,
859798,4,NO,175,,,
859974,3,SI,0,0,0,1
860011,4,SI,26,,,
860114,2,SI,94,,,
860151,2,SI,111,,,
860280,2,SI,106,,,
860344,3,SI,0,,,
860664,4,SI,16,,,
860718,4,SI,0,0,0,15
860853,4,SI,0,0,0,121
860950,4,NO,45,,,
861268,4,SI,47,,,
861306,2,SI,122,,,
861332,3,SI,0,0,0,3
861421,2,SI,191,,,
861430,4,SI,19,,,
861552,2,SI,58,,,
861741,2,SI,104,,,
861769,4,SI,21,,,
861880,2,SI,90,,,
861950,2,SI,112,,,
861982,3,SI,11,,,
861992,4,SI,7,,,
862001,2,SI,265,,,
862011,2,NO,196,,,
862120,4,SI,0,,,
862123,4,SI,0,0,0,98
862169,4,SI,13,,,
862235,3,SI,4,,,
862364,3,SI,2,,,
862415,4,SI,20,,,
862432,4,SI,24,,,
862491,4,SI,12,,,
862492,4,SI,4,,,
862495,3,SI,34,,,
862500,2,SI,102,,,
862609,4,SI,10,,,
862722,2,SI,107,,,
862754,2,SI,81,,,
862855,4,SI,37,,,
862953,2,SI,64,,,
863196,2,SI,276,,,
863250,2,SI,97,,,
863306,4,SI,11,,,
863527,3,SI,0,0,0,2
863562,4,SI,5,,,
863645,2,NO,207,,,
863686,2,SI,50,,,
863731,4,SI,0,,,
863740,4,SI,35,,,
863756,4,SI,37,,,
864066,4,SI,14,,,
864218,2,SI,82,,,
864237,4,SI,0,0,0,67
864330,3,SI,0,0,0,8
864338,2,SI,50,,,
864527,4,SI,32,,,
864673,4,SI,0,,,
864724,4,SI,2,,,
864988,4,SI,23,,,
865026,3,SI,38,,,
865067,2,SI,80,,,
865180,4,SI,11,,,
865197,1,SI,74,,,
865296,4,SI,5,,,
865320,2,SI,113,,,
865457,2,SI,70,,,
865464,2,NO,213,,,
865622,4,SI,18,,,
865690,4,SI,32,,,
865812,2,NO,240,,,
865852,2,SI,114,,,
865889,2,SI,105,,,
866004,3,SI,0,0,0,1
866084,4,SI,49,,,
866127,2,NO,242,,,
866302,2,SI,87,,,
866351,4,SI,3,,,
866400,1,SI,249,,,
866514,2,SI,82,,,
866546,3,NO,40,,,
866674,4,SI,30,,,
867246,2,SI,176,,,
867253,3,SI,5,,,
867267,4,SI,28,,,
867386,2,SI,59,,,
867455,4,SI,37,,,
867509,2,SI,125,,,
867524,2,SI,66,,,
867561,4,SI,0,0,0,77
867707,4,SI,4,,,
867721,2,NO,306,,,
867732,2,SI,139,,,
867771,2,SI,65,,,
867825,4,NO,154,,,
867942,4,SI,25,,,
868105,4,SI,1,,,
868118,4,SI,0,0,0,125
868367,4,SI,33,,,
868404,4,SI,8,,,
868630,4,SI,2,,,
868795,3,SI,0,0,0,2
868820,2,NO,196,,,
868830,4,SI,8,,,
868869,4,SI,36,,,
869081,2,NO,769,,,
869300,4,SI,2,,,
869312,2,SI,56,,,
869315,4,NO,30,0,0,
869355,3,SI,0,,,
869393,4,SI,0,,,
869395,1,SI,183,,,
869419,2,SI,70,,,
869534,4,NO,172,,,
869660,2,SI,265,,,
869902,4,SI,43,,,
869987,2,SI,70,,,
870292,4,SI,23,,,
870356,4,SI,4,,,
870401,3,SI,0,0,0,19
870508,4,SI,34,,,
870740,2,SI,99,,,
870829,2,SI,108,,,
870899,4,NO,120,,,
870905,2,SI,73,,,
870963,3,SI,8,0,0,11
871060,2,SI,142,,,
871074,3,SI,0,0,0,3
871313,4,SI,17,,,
871421,4,NO,170,,,
871468,4,SI,44,,,
871503,4,SI,0,,,
871515,4,NO,100,,,
871619,4,SI,32,,,
871648,3,SI,32,,,
871785,2,SI,202,,,
871814,2,SI,50,,,
871974,2,SI,191,,,
872120,4,NO,130,,,
872433,2,NO,238,,,
872462,2,SI,65,,,
872469,2,NO,194,,,
872486,1,SI,98,,,
872510,3,SI,24,,,
872615,2,SI,369,,,
872880,4,SI,0,0,0,70
872895,4,SI,3,,,
873085,2,NO,520,,,
873210,4,SI,0,,,
873444,4,SI,36,,,
873543,3,SI,0,0,0,1
873549,4,SI,26,,,
873642,4,SI,49,,,
873866,2,SI,54,,,
873887,2,SI,117,,,
873901,4,SI,1,,,
874008,4,SI,1,,,
874051,4,SI,0,0,0,59
874119,2,SI,148,,,
874130,2,NO,298,,,
874257,2,SI,71,,,
874277,3,SI,18,,,
874538,2,SI,50,,,
874545,4,SI,3,,,
874572,4,SI,2,,,
874621,4,SI,29,,,
874687,2,SI,154,,,
874777,4,SI,19,,,
875012,2,SI,101,,,
875078,2,SI,138,,,
875092,4,SI,28,,,
875094,4,NO,47,,,
875105,4,SI,0,0,0,117
875212,2,SI,232,,,
875295,4,SI,36,,,
875365,4,NO,156,,,
875526,2,SI,80,,,
875632,4,SI,44,,,
875706,4,SI,18,,,
875846,4,SI,28,,,
875878,2,SI,89,,,
875943,4,NO,155,,,
875954,3,SI,10,,,
875984,4,SI,17,,,
876039,2,SI,252,,,
876177,4,SI,40,,,
876215,2,NO,461,,,
876328,2,SI,210,,,
876377,4,NO,94,,,
876520,4,SI,27,,,
876738,2,SI,55,,,
876832,4,NO,76,,,
876935,4,SI,21,,,
877040,2,NO,193,,,
877213,2,SI,69,,,
877373,4,SI,2,,,
877394,2,SI,121,,,
877491,4,SI,11,,,
877563,2,NO,208,,,
877737,4,NO,177,,,
878107,4,NO,163,,,
878426,4,SI,39,,,
878485,4,SI,37,,,
878607,4,SI,2,,,
878749,2,SI,193,,,
878838,2,SI,245,,,
878923,4,SI,3,,,
878985,1,SI,82,,,
879000,4,SI,33,,,
879084,2,SI,101,,,
879092,4,SI,0,0,0,36
879118,2,SI,98,,,
879215,4,SI,6,,,
879217,4,NO,39,,,
879233,3,SI,27,,,
879764,4,SI,18,,,
879957,4,SI,40,,,
880053,2,SI,80,,,
880141,4,NO,164,,,
880248,1,SI,114,,,
880331,4,SI,35,,,
880552,2,SI,119,,,
880624,3,SI,0,0,0,1
880718,4,NO,57,,,
880955,2,SI,73,,,
880969,3,NO,37,,,
881183,2,SI,93,,,
881184,4,SI,1,,,
881191,3,SI,0,0,0,1
881259,4,SI,0,,,
881260,2,SI,164,,,
881268,2,SI,92,,,
881406,4,NO,171,,,
881460,4,SI,2,,,
881465,4,SI,0,0,5,
881472,2,SI,192,,,
881681,4,SI,25,,,
881761,4,SI,25,,,
881840,2,NO,294,,,
881943,2,SI,58,,,
881979,4,NO,168,,,
882063,4,SI,31,,,
882087,3,SI,3,,,
882286,2,SI,115,,,
882312,4,SI,31,,,
882321,3,SI,0,0,0,4
882625,2,SI,71,,,
882635,2,SI,64,,,
882647,2,SI,109,,,
882723,4,SI,35,,,
882738,2,SI,232,,,
882847,2,SI,56,,,
882920,2,SI,175,,,
883040,2,SI,74,,,
883101,2,SI,206,,,
883144,2,SI,52,,,
883227,2,SI,246,,,
883229,4,NO,31,,,
883280,2,NO,218,,,
883383,2,SI,98,,,
883433,4,SI,3,,,
883585,2,SI,196,,,
883590,4,SI,49,,,
883678,2,SI,145,,,
883737,4,SI,40,,,
883789,4,SI,23,,,
883909,4,SI,17,,,
884032,2,NO,207,,,
884163,4,SI,12,,,
884204,4,NO,124,,,
884261,2,NO,302,,,
884267,4,SI,3,,,
884512,2,SI,147,,,
